TechnologySubset,RegionSubset,Year,Value,,Unit,Source,Updated at,Updated by
Onshore,PT,All,15.6,,GW,Partner feedback from Portugal (LNEG),03.07.2026,Nikita Moskalenko <nim@wip.tu-berlin.de>
BECCS,DE,2025,0.2251,,GW,partner feedback UFZ,25.08.2026,Nikita Moskalenko <nim@wip.tu-berlin.de>
BECCS,DE,2030,0.7819,,GW,partner feedback UFZ,25.08.2026,Nikita Moskalenko <nim@wip.tu-berlin.de>
BECCS,DE,2035,1.2909,,GW,partner feedback UFZ,25.08.2026,Nikita Moskalenko <nim@wip.tu-berlin.de>
BECCS,DE,2040,1.4356,,GW,partner feedback UFZ,25.08.2026,Nikita Moskalenko <nim@wip.tu-berlin.de>
BECCS,DE,2045,2.1622,,GW,partner feedback UFZ,25.08.2026,Nikita Moskalenko <nim@wip.tu-berlin.de>
BECCS,DE,2050,2.3871,,GW,partner feedback UFZ,25.08.2026,Nikita Moskalenko <nim@wip.tu-berlin.de>
BECCS,DE,2055,2.6121,,GW,partner feedback UFZ,25.08.2026,Nikita Moskalenko <nim@wip.tu-berlin.de>
BECCS,DE,2060,2.837,,GW,partner feedback UFZ,25.08.2026,Nikita Moskalenko <nim@wip.tu-berlin.de>
