Region,Technology,Year,Value
NO,HMHI_Steam_Electric,2018,5.70575
NO,HLI_Direct_Electric,2018,4.69623
NO,HMLI_Heatpump,2018,4.46348
SE,HMHI_Steam_Electric,2018,3.06699
SE,HMLI_Heatpump,2018,2.86903
SE,HLI_Direct_Electric,2018,2.16983
NO,HHI_Scrap_EAF,2018,0.725958
SE,HLI_Solar_Thermal,2018,0.539935
NO,HLI_Solar_Thermal,2018,0.435768
NO,HMHI_Gas,2018,0.23161
NO,HLI_Gas_Boiler,2018,0.209462
NO,HHI_Molten_Electrolysis,2018,0.163651
SE,HHI_Molten_Electrolysis,2018,0.0747073
NO,HHI_BF_BOF,2018,0.050509
SE,HHI_Scrap_EAF,2018,0.0257756
NO,HLI_Hardcoal,2018,0.00435229
NO,HLI_Biomass,2018,0.00281969
