Region,Technology,Emission,Year,Value
DE,CHP_Biomass_Solid,CO2,2018,1
DE,CHP_Biomass_Solid,CO2,2020,1
DE,CHP_Biomass_Solid,CO2,2025,1
DE,CHP_Biomass_Solid,CO2,2030,1
DE,CHP_Biomass_Solid,CO2,2035,1
DE,CHP_Biomass_Solid,CO2,2040,1
DE,CHP_Biomass_Solid,CO2,2045,1
DE,CHP_Biomass_Solid,CO2,2050,1
DE,CHP_Biomass_Solid,CO2,2055,1
DE,CHP_Biomass_Solid,CO2,2060,1
DE,CHP_Biomass_Solid_CCS,CO2,2018,1
DE,CHP_Biomass_Solid_CCS,CO2,2020,1
DE,CHP_Biomass_Solid_CCS,CO2,2025,1
DE,CHP_Biomass_Solid_CCS,CO2,2030,1
DE,CHP_Biomass_Solid_CCS,CO2,2035,1
DE,CHP_Biomass_Solid_CCS,CO2,2040,1
DE,CHP_Biomass_Solid_CCS,CO2,2045,1
DE,CHP_Biomass_Solid_CCS,CO2,2050,1
DE,CHP_Biomass_Solid_CCS,CO2,2055,1
DE,CHP_Biomass_Solid_CCS,CO2,2060,1
DE,CHP_Coal_Hardcoal,CO2,2018,1
DE,CHP_Coal_Hardcoal,CO2,2020,1
DE,CHP_Coal_Hardcoal,CO2,2025,1
DE,CHP_Coal_Hardcoal,CO2,2030,1
DE,CHP_Coal_Hardcoal,CO2,2035,1
DE,CHP_Coal_Hardcoal,CO2,2040,1
DE,CHP_Coal_Hardcoal,CO2,2045,1
DE,CHP_Coal_Hardcoal,CO2,2050,1
DE,CHP_Coal_Hardcoal,CO2,2055,1
DE,CHP_Coal_Hardcoal,CO2,2060,1
DE,CHP_Coal_Hardcoal_CCS,CO2,2018,1
DE,CHP_Coal_Hardcoal_CCS,CO2,2020,1
DE,CHP_Coal_Hardcoal_CCS,CO2,2025,1
DE,CHP_Coal_Hardcoal_CCS,CO2,2030,1
DE,CHP_Coal_Hardcoal_CCS,CO2,2035,1
DE,CHP_Coal_Hardcoal_CCS,CO2,2040,1
DE,CHP_Coal_Hardcoal_CCS,CO2,2045,1
DE,CHP_Coal_Hardcoal_CCS,CO2,2050,1
DE,CHP_Coal_Hardcoal_CCS,CO2,2055,1
DE,CHP_Coal_Hardcoal_CCS,CO2,2060,1
DE,CHP_Coal_Lignite,CO2,2018,1
DE,CHP_Coal_Lignite,CO2,2020,1
DE,CHP_Coal_Lignite,CO2,2025,1
DE,CHP_Coal_Lignite,CO2,2030,1
DE,CHP_Coal_Lignite,CO2,2035,1
DE,CHP_Coal_Lignite,CO2,2040,1
DE,CHP_Coal_Lignite,CO2,2045,1
DE,CHP_Coal_Lignite,CO2,2050,1
DE,CHP_Coal_Lignite,CO2,2055,1
DE,CHP_Coal_Lignite,CO2,2060,1
DE,CHP_Coal_Lignite_CCS,CO2,2018,1
DE,CHP_Coal_Lignite_CCS,CO2,2020,1
DE,CHP_Coal_Lignite_CCS,CO2,2025,1
DE,CHP_Coal_Lignite_CCS,CO2,2030,1
DE,CHP_Coal_Lignite_CCS,CO2,2035,1
DE,CHP_Coal_Lignite_CCS,CO2,2040,1
DE,CHP_Coal_Lignite_CCS,CO2,2045,1
DE,CHP_Coal_Lignite_CCS,CO2,2050,1
DE,CHP_Coal_Lignite_CCS,CO2,2055,1
DE,CHP_Coal_Lignite_CCS,CO2,2060,1
DE,CHP_Gas_CCGT_Biogas,CO2,2018,1
DE,CHP_Gas_CCGT_Biogas,CO2,2020,1
DE,CHP_Gas_CCGT_Biogas,CO2,2025,1
DE,CHP_Gas_CCGT_Biogas,CO2,2030,1
DE,CHP_Gas_CCGT_Biogas,CO2,2035,1
DE,CHP_Gas_CCGT_Biogas,CO2,2040,1
DE,CHP_Gas_CCGT_Biogas,CO2,2045,1
DE,CHP_Gas_CCGT_Biogas,CO2,2050,1
DE,CHP_Gas_CCGT_Biogas,CO2,2055,1
DE,CHP_Gas_CCGT_Biogas,CO2,2060,1
DE,CHP_Gas_CCGT_Biogas_CCS,CO2,2018,1
DE,CHP_Gas_CCGT_Biogas_CCS,CO2,2020,1
DE,CHP_Gas_CCGT_Biogas_CCS,CO2,2025,1
DE,CHP_Gas_CCGT_Biogas_CCS,CO2,2030,1
DE,CHP_Gas_CCGT_Biogas_CCS,CO2,2035,1
DE,CHP_Gas_CCGT_Biogas_CCS,CO2,2040,1
DE,CHP_Gas_CCGT_Biogas_CCS,CO2,2045,1
DE,CHP_Gas_CCGT_Biogas_CCS,CO2,2050,1
DE,CHP_Gas_CCGT_Biogas_CCS,CO2,2055,1
DE,CHP_Gas_CCGT_Biogas_CCS,CO2,2060,1
DE,CHP_Gas_CCGT_Natural,CO2,2018,1
DE,CHP_Gas_CCGT_Natural,CO2,2020,1
DE,CHP_Gas_CCGT_Natural,CO2,2025,1
DE,CHP_Gas_CCGT_Natural,CO2,2030,1
DE,CHP_Gas_CCGT_Natural,CO2,2035,1
DE,CHP_Gas_CCGT_Natural,CO2,2040,1
DE,CHP_Gas_CCGT_Natural,CO2,2045,1
DE,CHP_Gas_CCGT_Natural,CO2,2050,1
DE,CHP_Gas_CCGT_Natural,CO2,2055,1
DE,CHP_Gas_CCGT_Natural,CO2,2060,1
DE,CHP_Gas_CCGT_Natural_CCS,CO2,2018,1
DE,CHP_Gas_CCGT_Natural_CCS,CO2,2020,1
DE,CHP_Gas_CCGT_Natural_CCS,CO2,2025,1
DE,CHP_Gas_CCGT_Natural_CCS,CO2,2030,1
DE,CHP_Gas_CCGT_Natural_CCS,CO2,2035,1
DE,CHP_Gas_CCGT_Natural_CCS,CO2,2040,1
DE,CHP_Gas_CCGT_Natural_CCS,CO2,2045,1
DE,CHP_Gas_CCGT_Natural_CCS,CO2,2050,1
DE,CHP_Gas_CCGT_Natural_CCS,CO2,2055,1
DE,CHP_Gas_CCGT_Natural_CCS,CO2,2060,1
DE,CHP_Gas_CCGT_SynGas,CO2,2018,1
DE,CHP_Gas_CCGT_SynGas,CO2,2020,1
DE,CHP_Gas_CCGT_SynGas,CO2,2025,1
DE,CHP_Gas_CCGT_SynGas,CO2,2030,1
DE,CHP_Gas_CCGT_SynGas,CO2,2035,1
DE,CHP_Gas_CCGT_SynGas,CO2,2040,1
DE,CHP_Gas_CCGT_SynGas,CO2,2045,1
DE,CHP_Gas_CCGT_SynGas,CO2,2050,1
DE,CHP_Gas_CCGT_SynGas,CO2,2055,1
DE,CHP_Gas_CCGT_SynGas,CO2,2060,1
DE,CHP_Hydrogen_FuelCell,CO2,2018,1
DE,CHP_Hydrogen_FuelCell,CO2,2020,1
DE,CHP_Hydrogen_FuelCell,CO2,2025,1
DE,CHP_Hydrogen_FuelCell,CO2,2030,1
DE,CHP_Hydrogen_FuelCell,CO2,2035,1
DE,CHP_Hydrogen_FuelCell,CO2,2040,1
DE,CHP_Hydrogen_FuelCell,CO2,2045,1
DE,CHP_Hydrogen_FuelCell,CO2,2050,1
DE,CHP_Hydrogen_FuelCell,CO2,2055,1
DE,CHP_Hydrogen_FuelCell,CO2,2060,1
DE,CHP_Oil,CO2,2018,1
DE,CHP_Oil,CO2,2020,1
DE,CHP_Oil,CO2,2025,1
DE,CHP_Oil,CO2,2030,1
DE,CHP_Oil,CO2,2035,1
DE,CHP_Oil,CO2,2040,1
DE,CHP_Oil,CO2,2045,1
DE,CHP_Oil,CO2,2050,1
DE,CHP_Oil,CO2,2055,1
DE,CHP_Oil,CO2,2060,1
DE,CHP_WasteToEnergy,CO2,2018,1
DE,CHP_WasteToEnergy,CO2,2020,1
DE,CHP_WasteToEnergy,CO2,2025,1
DE,CHP_WasteToEnergy,CO2,2030,1
DE,CHP_WasteToEnergy,CO2,2035,1
DE,CHP_WasteToEnergy,CO2,2040,1
DE,CHP_WasteToEnergy,CO2,2045,1
DE,CHP_WasteToEnergy,CO2,2050,1
DE,CHP_WasteToEnergy,CO2,2055,1
DE,CHP_WasteToEnergy,CO2,2060,1
DE,FRT_Rail_Conv,CO2,2018,1
DE,FRT_Rail_Conv,CO2,2020,1
DE,FRT_Rail_Conv,CO2,2025,1
DE,FRT_Rail_Conv,CO2,2030,1
DE,FRT_Rail_Conv,CO2,2035,1
DE,FRT_Rail_Conv,CO2,2040,1
DE,FRT_Rail_Conv,CO2,2045,1
DE,FRT_Rail_Conv,CO2,2050,1
DE,FRT_Rail_Conv,CO2,2055,1
DE,FRT_Rail_Conv,CO2,2060,1
DE,FRT_Road_ICE,CO2,2018,1
DE,FRT_Road_ICE,CO2,2020,1
DE,FRT_Road_ICE,CO2,2025,1
DE,FRT_Road_ICE,CO2,2030,1
DE,FRT_Road_ICE,CO2,2035,1
DE,FRT_Road_ICE,CO2,2040,1
DE,FRT_Road_ICE,CO2,2045,1
DE,FRT_Road_ICE,CO2,2050,1
DE,FRT_Road_ICE,CO2,2055,1
DE,FRT_Road_ICE,CO2,2060,1
DE,FRT_Road_LNG,CO2,2018,1
DE,FRT_Road_LNG,CO2,2020,1
DE,FRT_Road_LNG,CO2,2025,1
DE,FRT_Road_LNG,CO2,2030,1
DE,FRT_Road_LNG,CO2,2035,1
DE,FRT_Road_LNG,CO2,2040,1
DE,FRT_Road_LNG,CO2,2045,1
DE,FRT_Road_LNG,CO2,2050,1
DE,FRT_Road_LNG,CO2,2055,1
DE,FRT_Road_LNG,CO2,2060,1
DE,FRT_Road_PHEV,CO2,2018,1
DE,FRT_Road_PHEV,CO2,2020,1
DE,FRT_Road_PHEV,CO2,2025,1
DE,FRT_Road_PHEV,CO2,2030,1
DE,FRT_Road_PHEV,CO2,2035,1
DE,FRT_Road_PHEV,CO2,2040,1
DE,FRT_Road_PHEV,CO2,2045,1
DE,FRT_Road_PHEV,CO2,2050,1
DE,FRT_Road_PHEV,CO2,2055,1
DE,FRT_Road_PHEV,CO2,2060,1
DE,FRT_Ship_Conv,CO2,2018,1
DE,FRT_Ship_Conv,CO2,2020,1
DE,FRT_Ship_Conv,CO2,2025,1
DE,FRT_Ship_Conv,CO2,2030,1
DE,FRT_Ship_Conv,CO2,2035,1
DE,FRT_Ship_Conv,CO2,2040,1
DE,FRT_Ship_Conv,CO2,2045,1
DE,FRT_Ship_Conv,CO2,2050,1
DE,FRT_Ship_Conv,CO2,2055,1
DE,FRT_Ship_Conv,CO2,2060,1
DE,FRT_Ship_LNG,CO2,2018,1
DE,FRT_Ship_LNG,CO2,2020,1
DE,FRT_Ship_LNG,CO2,2025,1
DE,FRT_Ship_LNG,CO2,2030,1
DE,FRT_Ship_LNG,CO2,2035,1
DE,FRT_Ship_LNG,CO2,2040,1
DE,FRT_Ship_LNG,CO2,2045,1
DE,FRT_Ship_LNG,CO2,2050,1
DE,FRT_Ship_LNG,CO2,2055,1
DE,FRT_Ship_LNG,CO2,2060,1
DE,HB_Biomass,CO2,2018,1
DE,HB_Biomass,CO2,2020,1
DE,HB_Biomass,CO2,2025,1
DE,HB_Biomass,CO2,2030,1
DE,HB_Biomass,CO2,2035,1
DE,HB_Biomass,CO2,2040,1
DE,HB_Biomass,CO2,2045,1
DE,HB_Biomass,CO2,2050,1
DE,HB_Biomass,CO2,2055,1
DE,HB_Biomass,CO2,2060,1
DE,HB_Gas_Boiler,CO2,2018,1
DE,HB_Gas_Boiler,CO2,2020,1
DE,HB_Gas_Boiler,CO2,2025,1
DE,HB_Gas_Boiler,CO2,2030,1
DE,HB_Gas_Boiler,CO2,2035,1
DE,HB_Gas_Boiler,CO2,2040,1
DE,HB_Gas_Boiler,CO2,2045,1
DE,HB_Gas_Boiler,CO2,2050,1
DE,HB_Gas_Boiler,CO2,2055,1
DE,HB_Gas_Boiler,CO2,2060,1
DE,HB_Geothermal,CO2,2018,1
DE,HB_Geothermal,CO2,2020,1
DE,HB_Geothermal,CO2,2025,1
DE,HB_Geothermal,CO2,2030,1
DE,HB_Geothermal,CO2,2035,1
DE,HB_Geothermal,CO2,2040,1
DE,HB_Geothermal,CO2,2045,1
DE,HB_Geothermal,CO2,2050,1
DE,HB_Geothermal,CO2,2055,1
DE,HB_Geothermal,CO2,2060,1
DE,HB_Hardcoal,CO2,2018,1
DE,HB_Hardcoal,CO2,2020,1
DE,HB_Hardcoal,CO2,2025,1
DE,HB_Hardcoal,CO2,2030,1
DE,HB_Hardcoal,CO2,2035,1
DE,HB_Hardcoal,CO2,2040,1
DE,HB_Hardcoal,CO2,2045,1
DE,HB_Hardcoal,CO2,2050,1
DE,HB_Hardcoal,CO2,2055,1
DE,HB_Hardcoal,CO2,2060,1
DE,HB_Lignite,CO2,2018,1
DE,HB_Lignite,CO2,2020,1
DE,HB_Lignite,CO2,2025,1
DE,HB_Lignite,CO2,2030,1
DE,HB_Lignite,CO2,2035,1
DE,HB_Lignite,CO2,2040,1
DE,HB_Lignite,CO2,2045,1
DE,HB_Lignite,CO2,2050,1
DE,HB_Lignite,CO2,2055,1
DE,HB_Lignite,CO2,2060,1
DE,HB_Oil_Boiler,CO2,2018,1
DE,HB_Oil_Boiler,CO2,2020,1
DE,HB_Oil_Boiler,CO2,2025,1
DE,HB_Oil_Boiler,CO2,2030,1
DE,HB_Oil_Boiler,CO2,2035,1
DE,HB_Oil_Boiler,CO2,2040,1
DE,HB_Oil_Boiler,CO2,2045,1
DE,HB_Oil_Boiler,CO2,2050,1
DE,HB_Oil_Boiler,CO2,2055,1
DE,HB_Oil_Boiler,CO2,2060,1
DE,HHI_BF_BOF,CO2,2018,1
DE,HHI_BF_BOF,CO2,2020,1
DE,HHI_BF_BOF,CO2,2025,1
DE,HHI_BF_BOF,CO2,2030,1
DE,HHI_BF_BOF,CO2,2035,1
DE,HHI_BF_BOF,CO2,2040,1
DE,HHI_BF_BOF,CO2,2045,1
DE,HHI_BF_BOF,CO2,2050,1
DE,HHI_BF_BOF,CO2,2055,1
DE,HHI_BF_BOF,CO2,2060,1
DE,HHI_BF_BOF_CCS,CO2,2018,1
DE,HHI_BF_BOF_CCS,CO2,2020,1
DE,HHI_BF_BOF_CCS,CO2,2025,1
DE,HHI_BF_BOF_CCS,CO2,2030,1
DE,HHI_BF_BOF_CCS,CO2,2035,1
DE,HHI_BF_BOF_CCS,CO2,2040,1
DE,HHI_BF_BOF_CCS,CO2,2045,1
DE,HHI_BF_BOF_CCS,CO2,2050,1
DE,HHI_BF_BOF_CCS,CO2,2055,1
DE,HHI_BF_BOF_CCS,CO2,2060,1
DE,HHI_Bio_BF_BOF,CO2,2018,1
DE,HHI_Bio_BF_BOF,CO2,2020,1
DE,HHI_Bio_BF_BOF,CO2,2025,1
DE,HHI_Bio_BF_BOF,CO2,2030,1
DE,HHI_Bio_BF_BOF,CO2,2035,1
DE,HHI_Bio_BF_BOF,CO2,2040,1
DE,HHI_Bio_BF_BOF,CO2,2045,1
DE,HHI_Bio_BF_BOF,CO2,2050,1
DE,HHI_Bio_BF_BOF,CO2,2055,1
DE,HHI_Bio_BF_BOF,CO2,2060,1
DE,HHI_DRI_EAF,CO2,2018,1
DE,HHI_DRI_EAF,CO2,2020,1
DE,HHI_DRI_EAF,CO2,2025,1
DE,HHI_DRI_EAF,CO2,2030,1
DE,HHI_DRI_EAF,CO2,2035,1
DE,HHI_DRI_EAF,CO2,2040,1
DE,HHI_DRI_EAF,CO2,2045,1
DE,HHI_DRI_EAF,CO2,2050,1
DE,HHI_DRI_EAF,CO2,2055,1
DE,HHI_DRI_EAF,CO2,2060,1
DE,HHI_DRI_EAF_CCS,CO2,2018,1
DE,HHI_DRI_EAF_CCS,CO2,2020,1
DE,HHI_DRI_EAF_CCS,CO2,2025,1
DE,HHI_DRI_EAF_CCS,CO2,2030,1
DE,HHI_DRI_EAF_CCS,CO2,2035,1
DE,HHI_DRI_EAF_CCS,CO2,2040,1
DE,HHI_DRI_EAF_CCS,CO2,2045,1
DE,HHI_DRI_EAF_CCS,CO2,2050,1
DE,HHI_DRI_EAF_CCS,CO2,2055,1
DE,HHI_DRI_EAF_CCS,CO2,2060,1
DE,HHI_H2DRI_EAF,CO2,2018,1
DE,HHI_H2DRI_EAF,CO2,2020,1
DE,HHI_H2DRI_EAF,CO2,2025,1
DE,HHI_H2DRI_EAF,CO2,2030,1
DE,HHI_H2DRI_EAF,CO2,2035,1
DE,HHI_H2DRI_EAF,CO2,2040,1
DE,HHI_H2DRI_EAF,CO2,2045,1
DE,HHI_H2DRI_EAF,CO2,2050,1
DE,HHI_H2DRI_EAF,CO2,2055,1
DE,HHI_H2DRI_EAF,CO2,2060,1
DE,HHI_Molten_Electrolysis,CO2,2018,1
DE,HHI_Molten_Electrolysis,CO2,2020,1
DE,HHI_Molten_Electrolysis,CO2,2025,1
DE,HHI_Molten_Electrolysis,CO2,2030,1
DE,HHI_Molten_Electrolysis,CO2,2035,1
DE,HHI_Molten_Electrolysis,CO2,2040,1
DE,HHI_Molten_Electrolysis,CO2,2045,1
DE,HHI_Molten_Electrolysis,CO2,2050,1
DE,HHI_Molten_Electrolysis,CO2,2055,1
DE,HHI_Molten_Electrolysis,CO2,2060,1
DE,HHI_Scrap_EAF,CO2,2018,1
DE,HHI_Scrap_EAF,CO2,2020,1
DE,HHI_Scrap_EAF,CO2,2025,1
DE,HHI_Scrap_EAF,CO2,2030,1
DE,HHI_Scrap_EAF,CO2,2035,1
DE,HHI_Scrap_EAF,CO2,2040,1
DE,HHI_Scrap_EAF,CO2,2045,1
DE,HHI_Scrap_EAF,CO2,2050,1
DE,HHI_Scrap_EAF,CO2,2055,1
DE,HHI_Scrap_EAF,CO2,2060,1
DE,HLI_Biomass,CO2,2018,1
DE,HLI_Biomass,CO2,2020,1
DE,HLI_Biomass,CO2,2025,1
DE,HLI_Biomass,CO2,2030,1
DE,HLI_Biomass,CO2,2035,1
DE,HLI_Biomass,CO2,2040,1
DE,HLI_Biomass,CO2,2045,1
DE,HLI_Biomass,CO2,2050,1
DE,HLI_Biomass,CO2,2055,1
DE,HLI_Biomass,CO2,2060,1
DE,HLI_Gas_Boiler,CO2,2018,1
DE,HLI_Gas_Boiler,CO2,2020,1
DE,HLI_Gas_Boiler,CO2,2025,1
DE,HLI_Gas_Boiler,CO2,2030,1
DE,HLI_Gas_Boiler,CO2,2035,1
DE,HLI_Gas_Boiler,CO2,2040,1
DE,HLI_Gas_Boiler,CO2,2045,1
DE,HLI_Gas_Boiler,CO2,2050,1
DE,HLI_Gas_Boiler,CO2,2055,1
DE,HLI_Gas_Boiler,CO2,2060,1
DE,HLI_Geothermal,CO2,2018,1
DE,HLI_Geothermal,CO2,2020,1
DE,HLI_Geothermal,CO2,2025,1
DE,HLI_Geothermal,CO2,2030,1
DE,HLI_Geothermal,CO2,2035,1
DE,HLI_Geothermal,CO2,2040,1
DE,HLI_Geothermal,CO2,2045,1
DE,HLI_Geothermal,CO2,2050,1
DE,HLI_Geothermal,CO2,2055,1
DE,HLI_Geothermal,CO2,2060,1
DE,HLI_Hardcoal,CO2,2018,1
DE,HLI_Hardcoal,CO2,2020,1
DE,HLI_Hardcoal,CO2,2025,1
DE,HLI_Hardcoal,CO2,2030,1
DE,HLI_Hardcoal,CO2,2035,1
DE,HLI_Hardcoal,CO2,2040,1
DE,HLI_Hardcoal,CO2,2045,1
DE,HLI_Hardcoal,CO2,2050,1
DE,HLI_Hardcoal,CO2,2055,1
DE,HLI_Hardcoal,CO2,2060,1
DE,HLI_Lignite,CO2,2018,1
DE,HLI_Lignite,CO2,2020,1
DE,HLI_Lignite,CO2,2025,1
DE,HLI_Lignite,CO2,2030,1
DE,HLI_Lignite,CO2,2035,1
DE,HLI_Lignite,CO2,2040,1
DE,HLI_Lignite,CO2,2045,1
DE,HLI_Lignite,CO2,2050,1
DE,HLI_Lignite,CO2,2055,1
DE,HLI_Lignite,CO2,2060,1
DE,HLI_Oil_Boiler,CO2,2018,1
DE,HLI_Oil_Boiler,CO2,2020,1
DE,HLI_Oil_Boiler,CO2,2025,1
DE,HLI_Oil_Boiler,CO2,2030,1
DE,HLI_Oil_Boiler,CO2,2035,1
DE,HLI_Oil_Boiler,CO2,2040,1
DE,HLI_Oil_Boiler,CO2,2045,1
DE,HLI_Oil_Boiler,CO2,2050,1
DE,HLI_Oil_Boiler,CO2,2055,1
DE,HLI_Oil_Boiler,CO2,2060,1
DE,HMHI_Biomass,CO2,2018,1
DE,HMHI_Biomass,CO2,2020,1
DE,HMHI_Biomass,CO2,2025,1
DE,HMHI_Biomass,CO2,2030,1
DE,HMHI_Biomass,CO2,2035,1
DE,HMHI_Biomass,CO2,2040,1
DE,HMHI_Biomass,CO2,2045,1
DE,HMHI_Biomass,CO2,2050,1
DE,HMHI_Biomass,CO2,2055,1
DE,HMHI_Biomass,CO2,2060,1
DE,HMHI_Gas,CO2,2018,1
DE,HMHI_Gas,CO2,2020,1
DE,HMHI_Gas,CO2,2025,1
DE,HMHI_Gas,CO2,2030,1
DE,HMHI_Gas,CO2,2035,1
DE,HMHI_Gas,CO2,2040,1
DE,HMHI_Gas,CO2,2045,1
DE,HMHI_Gas,CO2,2050,1
DE,HMHI_Gas,CO2,2055,1
DE,HMHI_Gas,CO2,2060,1
DE,HMHI_Gas_CCS,CO2,2018,1
DE,HMHI_Gas_CCS,CO2,2020,1
DE,HMHI_Gas_CCS,CO2,2025,1
DE,HMHI_Gas_CCS,CO2,2030,1
DE,HMHI_Gas_CCS,CO2,2035,1
DE,HMHI_Gas_CCS,CO2,2040,1
DE,HMHI_Gas_CCS,CO2,2045,1
DE,HMHI_Gas_CCS,CO2,2050,1
DE,HMHI_Gas_CCS,CO2,2055,1
DE,HMHI_Gas_CCS,CO2,2060,1
DE,HMHI_HardCoal,CO2,2018,1
DE,HMHI_HardCoal,CO2,2020,1
DE,HMHI_HardCoal,CO2,2025,1
DE,HMHI_HardCoal,CO2,2030,1
DE,HMHI_HardCoal,CO2,2035,1
DE,HMHI_HardCoal,CO2,2040,1
DE,HMHI_HardCoal,CO2,2045,1
DE,HMHI_HardCoal,CO2,2050,1
DE,HMHI_HardCoal,CO2,2055,1
DE,HMHI_HardCoal,CO2,2060,1
DE,HMHI_HardCoal_CCS,CO2,2018,1
DE,HMHI_HardCoal_CCS,CO2,2020,1
DE,HMHI_HardCoal_CCS,CO2,2025,1
DE,HMHI_HardCoal_CCS,CO2,2030,1
DE,HMHI_HardCoal_CCS,CO2,2035,1
DE,HMHI_HardCoal_CCS,CO2,2040,1
DE,HMHI_HardCoal_CCS,CO2,2045,1
DE,HMHI_HardCoal_CCS,CO2,2050,1
DE,HMHI_HardCoal_CCS,CO2,2055,1
DE,HMHI_HardCoal_CCS,CO2,2060,1
DE,HMHI_Oil,CO2,2018,1
DE,HMHI_Oil,CO2,2020,1
DE,HMHI_Oil,CO2,2025,1
DE,HMHI_Oil,CO2,2030,1
DE,HMHI_Oil,CO2,2035,1
DE,HMHI_Oil,CO2,2040,1
DE,HMHI_Oil,CO2,2045,1
DE,HMHI_Oil,CO2,2050,1
DE,HMHI_Oil,CO2,2055,1
DE,HMHI_Oil,CO2,2060,1
DE,PSNG_Air_Conv,CO2,2018,1
DE,PSNG_Air_Conv,CO2,2020,1
DE,PSNG_Air_Conv,CO2,2025,1
DE,PSNG_Air_Conv,CO2,2030,1
DE,PSNG_Air_Conv,CO2,2035,1
DE,PSNG_Air_Conv,CO2,2040,1
DE,PSNG_Air_Conv,CO2,2045,1
DE,PSNG_Air_Conv,CO2,2050,1
DE,PSNG_Air_Conv,CO2,2055,1
DE,PSNG_Air_Conv,CO2,2060,1
DE,PSNG_Rail_Conv,CO2,2018,1
DE,PSNG_Rail_Conv,CO2,2020,1
DE,PSNG_Rail_Conv,CO2,2025,1
DE,PSNG_Rail_Conv,CO2,2030,1
DE,PSNG_Rail_Conv,CO2,2035,1
DE,PSNG_Rail_Conv,CO2,2040,1
DE,PSNG_Rail_Conv,CO2,2045,1
DE,PSNG_Rail_Conv,CO2,2050,1
DE,PSNG_Rail_Conv,CO2,2055,1
DE,PSNG_Rail_Conv,CO2,2060,1
DE,PSNG_Road_ICE,CO2,2018,1
DE,PSNG_Road_ICE,CO2,2020,1
DE,PSNG_Road_ICE,CO2,2025,1
DE,PSNG_Road_ICE,CO2,2030,1
DE,PSNG_Road_ICE,CO2,2035,1
DE,PSNG_Road_ICE,CO2,2040,1
DE,PSNG_Road_ICE,CO2,2045,1
DE,PSNG_Road_ICE,CO2,2050,1
DE,PSNG_Road_ICE,CO2,2055,1
DE,PSNG_Road_ICE,CO2,2060,1
DE,PSNG_Road_LNG,CO2,2018,1
DE,PSNG_Road_LNG,CO2,2020,1
DE,PSNG_Road_LNG,CO2,2025,1
DE,PSNG_Road_LNG,CO2,2030,1
DE,PSNG_Road_LNG,CO2,2035,1
DE,PSNG_Road_LNG,CO2,2040,1
DE,PSNG_Road_LNG,CO2,2045,1
DE,PSNG_Road_LNG,CO2,2050,1
DE,PSNG_Road_LNG,CO2,2055,1
DE,PSNG_Road_LNG,CO2,2060,1
DE,PSNG_Road_PHEV,CO2,2018,1
DE,PSNG_Road_PHEV,CO2,2020,1
DE,PSNG_Road_PHEV,CO2,2025,1
DE,PSNG_Road_PHEV,CO2,2030,1
DE,PSNG_Road_PHEV,CO2,2035,1
DE,PSNG_Road_PHEV,CO2,2040,1
DE,PSNG_Road_PHEV,CO2,2045,1
DE,PSNG_Road_PHEV,CO2,2050,1
DE,PSNG_Road_PHEV,CO2,2055,1
DE,PSNG_Road_PHEV,CO2,2060,1
DE,P_Biomass_CCS,CO2,2018,1
DE,P_Biomass_CCS,CO2,2020,1
DE,P_Biomass_CCS,CO2,2025,1
DE,P_Biomass_CCS,CO2,2030,1
DE,P_Biomass_CCS,CO2,2035,1
DE,P_Biomass_CCS,CO2,2040,1
DE,P_Biomass_CCS,CO2,2045,1
DE,P_Biomass_CCS,CO2,2050,1
DE,P_Biomass_CCS,CO2,2055,1
DE,P_Biomass_CCS,CO2,2060,1
DE,P_Coal_Hardcoal,CO2,2018,1
DE,P_Coal_Hardcoal,CO2,2020,1
DE,P_Coal_Hardcoal,CO2,2025,1
DE,P_Coal_Hardcoal,CO2,2030,1
DE,P_Coal_Hardcoal,CO2,2035,1
DE,P_Coal_Hardcoal,CO2,2040,1
DE,P_Coal_Hardcoal,CO2,2045,1
DE,P_Coal_Hardcoal,CO2,2050,1
DE,P_Coal_Hardcoal,CO2,2055,1
DE,P_Coal_Hardcoal,CO2,2060,1
DE,P_Coal_Hardcoal_CCS,CO2,2018,1
DE,P_Coal_Hardcoal_CCS,CO2,2020,1
DE,P_Coal_Hardcoal_CCS,CO2,2025,1
DE,P_Coal_Hardcoal_CCS,CO2,2030,1
DE,P_Coal_Hardcoal_CCS,CO2,2035,1
DE,P_Coal_Hardcoal_CCS,CO2,2040,1
DE,P_Coal_Hardcoal_CCS,CO2,2045,1
DE,P_Coal_Hardcoal_CCS,CO2,2050,1
DE,P_Coal_Hardcoal_CCS,CO2,2055,1
DE,P_Coal_Hardcoal_CCS,CO2,2060,1
DE,P_Coal_Lignite,CO2,2018,1
DE,P_Coal_Lignite,CO2,2020,1
DE,P_Coal_Lignite,CO2,2025,1
DE,P_Coal_Lignite,CO2,2030,1
DE,P_Coal_Lignite,CO2,2035,1
DE,P_Coal_Lignite,CO2,2040,1
DE,P_Coal_Lignite,CO2,2045,1
DE,P_Coal_Lignite,CO2,2050,1
DE,P_Coal_Lignite,CO2,2055,1
DE,P_Coal_Lignite,CO2,2060,1
DE,P_Coal_Lignite_CCS,CO2,2018,1
DE,P_Coal_Lignite_CCS,CO2,2020,1
DE,P_Coal_Lignite_CCS,CO2,2025,1
DE,P_Coal_Lignite_CCS,CO2,2030,1
DE,P_Coal_Lignite_CCS,CO2,2035,1
DE,P_Coal_Lignite_CCS,CO2,2040,1
DE,P_Coal_Lignite_CCS,CO2,2045,1
DE,P_Coal_Lignite_CCS,CO2,2050,1
DE,P_Coal_Lignite_CCS,CO2,2055,1
DE,P_Coal_Lignite_CCS,CO2,2060,1
DE,P_Gas_CCGT,CO2,2018,1
DE,P_Gas_CCGT,CO2,2020,1
DE,P_Gas_CCGT,CO2,2025,1
DE,P_Gas_CCGT,CO2,2030,1
DE,P_Gas_CCGT,CO2,2035,1
DE,P_Gas_CCGT,CO2,2040,1
DE,P_Gas_CCGT,CO2,2045,1
DE,P_Gas_CCGT,CO2,2050,1
DE,P_Gas_CCGT,CO2,2055,1
DE,P_Gas_CCGT,CO2,2060,1
DE,P_Gas_CCS,CO2,2018,1
DE,P_Gas_CCS,CO2,2020,1
DE,P_Gas_CCS,CO2,2025,1
DE,P_Gas_CCS,CO2,2030,1
DE,P_Gas_CCS,CO2,2035,1
DE,P_Gas_CCS,CO2,2040,1
DE,P_Gas_CCS,CO2,2045,1
DE,P_Gas_CCS,CO2,2050,1
DE,P_Gas_CCS,CO2,2055,1
DE,P_Gas_CCS,CO2,2060,1
DE,P_Gas_Engines,CO2,2018,1
DE,P_Gas_Engines,CO2,2020,1
DE,P_Gas_Engines,CO2,2025,1
DE,P_Gas_Engines,CO2,2030,1
DE,P_Gas_Engines,CO2,2035,1
DE,P_Gas_Engines,CO2,2040,1
DE,P_Gas_Engines,CO2,2045,1
DE,P_Gas_Engines,CO2,2050,1
DE,P_Gas_Engines,CO2,2055,1
DE,P_Gas_Engines,CO2,2060,1
DE,P_Gas_OCGT,CO2,2018,1
DE,P_Gas_OCGT,CO2,2020,1
DE,P_Gas_OCGT,CO2,2025,1
DE,P_Gas_OCGT,CO2,2030,1
DE,P_Gas_OCGT,CO2,2035,1
DE,P_Gas_OCGT,CO2,2040,1
DE,P_Gas_OCGT,CO2,2045,1
DE,P_Gas_OCGT,CO2,2050,1
DE,P_Gas_OCGT,CO2,2055,1
DE,P_Gas_OCGT,CO2,2060,1
DE,P_Oil,CO2,2018,1
DE,P_Oil,CO2,2020,1
DE,P_Oil,CO2,2025,1
DE,P_Oil,CO2,2030,1
DE,P_Oil,CO2,2035,1
DE,P_Oil,CO2,2040,1
DE,P_Oil,CO2,2045,1
DE,P_Oil,CO2,2050,1
DE,P_Oil,CO2,2055,1
DE,P_Oil,CO2,2060,1
DE,X_ATR_CCS,CO2,2018,1
DE,X_ATR_CCS,CO2,2020,1
DE,X_ATR_CCS,CO2,2025,1
DE,X_ATR_CCS,CO2,2030,1
DE,X_ATR_CCS,CO2,2035,1
DE,X_ATR_CCS,CO2,2040,1
DE,X_ATR_CCS,CO2,2045,1
DE,X_ATR_CCS,CO2,2050,1
DE,X_ATR_CCS,CO2,2055,1
DE,X_ATR_CCS,CO2,2060,1
DE,X_DAC_HT,CO2,2018,1
DE,X_DAC_HT,CO2,2020,1
DE,X_DAC_HT,CO2,2025,1
DE,X_DAC_HT,CO2,2030,1
DE,X_DAC_HT,CO2,2035,1
DE,X_DAC_HT,CO2,2040,1
DE,X_DAC_HT,CO2,2045,1
DE,X_DAC_HT,CO2,2050,1
DE,X_DAC_HT,CO2,2055,1
DE,X_DAC_HT,CO2,2060,1
DE,X_DAC_LT,CO2,2018,1
DE,X_DAC_LT,CO2,2020,1
DE,X_DAC_LT,CO2,2025,1
DE,X_DAC_LT,CO2,2030,1
DE,X_DAC_LT,CO2,2035,1
DE,X_DAC_LT,CO2,2040,1
DE,X_DAC_LT,CO2,2045,1
DE,X_DAC_LT,CO2,2050,1
DE,X_DAC_LT,CO2,2055,1
DE,X_DAC_LT,CO2,2060,1
DE,X_SMR,CO2,2018,1
DE,X_SMR,CO2,2020,1
DE,X_SMR,CO2,2025,1
DE,X_SMR,CO2,2030,1
DE,X_SMR,CO2,2035,1
DE,X_SMR,CO2,2040,1
DE,X_SMR,CO2,2045,1
DE,X_SMR,CO2,2050,1
DE,X_SMR,CO2,2055,1
DE,X_SMR,CO2,2060,1
World,CHP_Coal_Hardcoal,CO2,2018,1
World,CHP_Coal_Hardcoal,CO2,2020,1
World,CHP_Coal_Hardcoal,CO2,2025,1
World,CHP_Coal_Hardcoal,CO2,2030,1
World,CHP_Coal_Hardcoal,CO2,2035,1
World,CHP_Coal_Hardcoal,CO2,2040,1
World,CHP_Coal_Hardcoal,CO2,2045,1
World,CHP_Coal_Hardcoal,CO2,2050,1
World,CHP_Coal_Hardcoal,CO2,2055,1
World,CHP_Coal_Hardcoal,CO2,2060,1
World,CHP_Coal_Lignite,CO2,2018,1
World,CHP_Coal_Lignite,CO2,2020,1
World,CHP_Coal_Lignite,CO2,2025,1
World,CHP_Coal_Lignite,CO2,2030,1
World,CHP_Coal_Lignite,CO2,2035,1
World,CHP_Coal_Lignite,CO2,2040,1
World,CHP_Coal_Lignite,CO2,2045,1
World,CHP_Coal_Lignite,CO2,2050,1
World,CHP_Coal_Lignite,CO2,2055,1
World,CHP_Coal_Lignite,CO2,2060,1
World,CHP_WasteToEnergy,CO2,2018,1
World,CHP_WasteToEnergy,CO2,2020,1
World,CHP_WasteToEnergy,CO2,2025,1
World,CHP_WasteToEnergy,CO2,2030,1
World,CHP_WasteToEnergy,CO2,2035,1
World,CHP_WasteToEnergy,CO2,2040,1
World,CHP_WasteToEnergy,CO2,2045,1
World,CHP_WasteToEnergy,CO2,2050,1
World,CHP_WasteToEnergy,CO2,2055,1
World,CHP_WasteToEnergy,CO2,2060,1
World,FRT_Rail_Conv,CO2,2018,0
World,FRT_Rail_Conv,CO2,2020,0
World,FRT_Rail_Conv,CO2,2025,0
World,FRT_Rail_Conv,CO2,2030,0
World,FRT_Rail_Conv,CO2,2035,0
World,FRT_Rail_Conv,CO2,2040,0
World,FRT_Rail_Conv,CO2,2045,0
World,FRT_Rail_Conv,CO2,2050,0
World,FRT_Rail_Conv,CO2,2055,0
World,FRT_Rail_Conv,CO2,2060,0
World,FRT_Road_ICE,CO2,2018,0
World,FRT_Road_ICE,CO2,2020,0
World,FRT_Road_ICE,CO2,2025,0
World,FRT_Road_ICE,CO2,2030,0
World,FRT_Road_ICE,CO2,2035,0
World,FRT_Road_ICE,CO2,2040,0
World,FRT_Road_ICE,CO2,2045,0
World,FRT_Road_ICE,CO2,2050,0
World,FRT_Road_ICE,CO2,2055,0
World,FRT_Road_ICE,CO2,2060,0
World,FRT_Road_PHEV,CO2,2018,0
World,FRT_Road_PHEV,CO2,2020,0
World,FRT_Road_PHEV,CO2,2025,0
World,FRT_Road_PHEV,CO2,2030,0
World,FRT_Road_PHEV,CO2,2035,0
World,FRT_Road_PHEV,CO2,2040,0
World,FRT_Road_PHEV,CO2,2045,0
World,FRT_Road_PHEV,CO2,2050,0
World,FRT_Road_PHEV,CO2,2055,0
World,FRT_Road_PHEV,CO2,2060,0
World,FRT_Ship_Conv,CO2,2018,0
World,FRT_Ship_Conv,CO2,2020,0
World,FRT_Ship_Conv,CO2,2025,0
World,FRT_Ship_Conv,CO2,2030,0
World,FRT_Ship_Conv,CO2,2035,0
World,FRT_Ship_Conv,CO2,2040,0
World,FRT_Ship_Conv,CO2,2045,0
World,FRT_Ship_Conv,CO2,2050,0
World,FRT_Ship_Conv,CO2,2055,0
World,FRT_Ship_Conv,CO2,2060,0
World,HB_Biomass,CO2,2018,1
World,HB_Biomass,CO2,2020,1
World,HB_Biomass,CO2,2025,1
World,HB_Biomass,CO2,2030,1
World,HB_Biomass,CO2,2035,1
World,HB_Biomass,CO2,2040,1
World,HB_Biomass,CO2,2045,1
World,HB_Biomass,CO2,2050,1
World,HB_Biomass,CO2,2055,1
World,HB_Biomass,CO2,2060,1
World,HB_Gas_Boiler,CO2,2018,1
World,HB_Gas_Boiler,CO2,2020,1
World,HB_Gas_Boiler,CO2,2025,1
World,HB_Gas_Boiler,CO2,2030,1
World,HB_Gas_Boiler,CO2,2035,1
World,HB_Gas_Boiler,CO2,2040,1
World,HB_Gas_Boiler,CO2,2045,1
World,HB_Gas_Boiler,CO2,2050,1
World,HB_Gas_Boiler,CO2,2055,1
World,HB_Gas_Boiler,CO2,2060,1
World,HB_Geothermal,CO2,2018,1
World,HB_Geothermal,CO2,2020,1
World,HB_Geothermal,CO2,2025,1
World,HB_Geothermal,CO2,2030,1
World,HB_Geothermal,CO2,2035,1
World,HB_Geothermal,CO2,2040,1
World,HB_Geothermal,CO2,2045,1
World,HB_Geothermal,CO2,2050,1
World,HB_Geothermal,CO2,2055,1
World,HB_Geothermal,CO2,2060,1
World,HB_Hardcoal,CO2,2018,1
World,HB_Hardcoal,CO2,2020,1
World,HB_Hardcoal,CO2,2025,1
World,HB_Hardcoal,CO2,2030,1
World,HB_Hardcoal,CO2,2035,1
World,HB_Hardcoal,CO2,2040,1
World,HB_Hardcoal,CO2,2045,1
World,HB_Hardcoal,CO2,2050,1
World,HB_Hardcoal,CO2,2055,1
World,HB_Hardcoal,CO2,2060,1
World,HB_Lignite,CO2,2018,1
World,HB_Lignite,CO2,2020,1
World,HB_Lignite,CO2,2025,1
World,HB_Lignite,CO2,2030,1
World,HB_Lignite,CO2,2035,1
World,HB_Lignite,CO2,2040,1
World,HB_Lignite,CO2,2045,1
World,HB_Lignite,CO2,2050,1
World,HB_Lignite,CO2,2055,1
World,HB_Lignite,CO2,2060,1
World,HB_Oil_Boiler,CO2,2018,1
World,HB_Oil_Boiler,CO2,2020,1
World,HB_Oil_Boiler,CO2,2025,1
World,HB_Oil_Boiler,CO2,2030,1
World,HB_Oil_Boiler,CO2,2035,1
World,HB_Oil_Boiler,CO2,2040,1
World,HB_Oil_Boiler,CO2,2045,1
World,HB_Oil_Boiler,CO2,2050,1
World,HB_Oil_Boiler,CO2,2055,1
World,HB_Oil_Boiler,CO2,2060,1
World,HHI_BF_BOF,CO2,2018,1
World,HHI_BF_BOF,CO2,2020,1
World,HHI_BF_BOF,CO2,2025,1
World,HHI_BF_BOF,CO2,2030,1
World,HHI_BF_BOF,CO2,2035,1
World,HHI_BF_BOF,CO2,2040,1
World,HHI_BF_BOF,CO2,2045,1
World,HHI_BF_BOF,CO2,2050,1
World,HHI_BF_BOF,CO2,2055,1
World,HHI_BF_BOF,CO2,2060,1
World,HHI_BF_BOF_CCS,CO2,2018,1
World,HHI_BF_BOF_CCS,CO2,2020,1
World,HHI_BF_BOF_CCS,CO2,2025,1
World,HHI_BF_BOF_CCS,CO2,2030,1
World,HHI_BF_BOF_CCS,CO2,2035,1
World,HHI_BF_BOF_CCS,CO2,2040,1
World,HHI_BF_BOF_CCS,CO2,2045,1
World,HHI_BF_BOF_CCS,CO2,2050,1
World,HHI_BF_BOF_CCS,CO2,2055,1
World,HHI_BF_BOF_CCS,CO2,2060,1
World,HHI_Bio_BF_BOF,CO2,2018,1
World,HHI_Bio_BF_BOF,CO2,2020,1
World,HHI_Bio_BF_BOF,CO2,2025,1
World,HHI_Bio_BF_BOF,CO2,2030,1
World,HHI_Bio_BF_BOF,CO2,2035,1
World,HHI_Bio_BF_BOF,CO2,2040,1
World,HHI_Bio_BF_BOF,CO2,2045,1
World,HHI_Bio_BF_BOF,CO2,2050,1
World,HHI_Bio_BF_BOF,CO2,2055,1
World,HHI_Bio_BF_BOF,CO2,2060,1
World,HHI_DRI_EAF,CO2,2018,1
World,HHI_DRI_EAF,CO2,2020,1
World,HHI_DRI_EAF,CO2,2025,1
World,HHI_DRI_EAF,CO2,2030,1
World,HHI_DRI_EAF,CO2,2035,1
World,HHI_DRI_EAF,CO2,2040,1
World,HHI_DRI_EAF,CO2,2045,1
World,HHI_DRI_EAF,CO2,2050,1
World,HHI_DRI_EAF,CO2,2055,1
World,HHI_DRI_EAF,CO2,2060,1
World,HHI_DRI_EAF_CCS,CO2,2018,1
World,HHI_DRI_EAF_CCS,CO2,2020,1
World,HHI_DRI_EAF_CCS,CO2,2025,1
World,HHI_DRI_EAF_CCS,CO2,2030,1
World,HHI_DRI_EAF_CCS,CO2,2035,1
World,HHI_DRI_EAF_CCS,CO2,2040,1
World,HHI_DRI_EAF_CCS,CO2,2045,1
World,HHI_DRI_EAF_CCS,CO2,2050,1
World,HHI_DRI_EAF_CCS,CO2,2055,1
World,HHI_DRI_EAF_CCS,CO2,2060,1
World,HHI_H2DRI_EAF,CO2,2018,1
World,HHI_H2DRI_EAF,CO2,2020,1
World,HHI_H2DRI_EAF,CO2,2025,1
World,HHI_H2DRI_EAF,CO2,2030,1
World,HHI_H2DRI_EAF,CO2,2035,1
World,HHI_H2DRI_EAF,CO2,2040,1
World,HHI_H2DRI_EAF,CO2,2045,1
World,HHI_H2DRI_EAF,CO2,2050,1
World,HHI_H2DRI_EAF,CO2,2055,1
World,HHI_H2DRI_EAF,CO2,2060,1
World,HHI_Molten_Electrolysis,CO2,2018,1
World,HHI_Molten_Electrolysis,CO2,2020,1
World,HHI_Molten_Electrolysis,CO2,2025,1
World,HHI_Molten_Electrolysis,CO2,2030,1
World,HHI_Molten_Electrolysis,CO2,2035,1
World,HHI_Molten_Electrolysis,CO2,2040,1
World,HHI_Molten_Electrolysis,CO2,2045,1
World,HHI_Molten_Electrolysis,CO2,2050,1
World,HHI_Molten_Electrolysis,CO2,2055,1
World,HHI_Molten_Electrolysis,CO2,2060,1
World,HHI_Scrap_EAF,CO2,2018,1
World,HHI_Scrap_EAF,CO2,2020,1
World,HHI_Scrap_EAF,CO2,2025,1
World,HHI_Scrap_EAF,CO2,2030,1
World,HHI_Scrap_EAF,CO2,2035,1
World,HHI_Scrap_EAF,CO2,2040,1
World,HHI_Scrap_EAF,CO2,2045,1
World,HHI_Scrap_EAF,CO2,2050,1
World,HHI_Scrap_EAF,CO2,2055,1
World,HHI_Scrap_EAF,CO2,2060,1
World,HLI_Biomass,CO2,2018,1
World,HLI_Biomass,CO2,2020,1
World,HLI_Biomass,CO2,2025,1
World,HLI_Biomass,CO2,2030,1
World,HLI_Biomass,CO2,2035,1
World,HLI_Biomass,CO2,2040,1
World,HLI_Biomass,CO2,2045,1
World,HLI_Biomass,CO2,2050,1
World,HLI_Biomass,CO2,2055,1
World,HLI_Biomass,CO2,2060,1
World,HLI_Gas_Boiler,CO2,2018,1
World,HLI_Gas_Boiler,CO2,2020,1
World,HLI_Gas_Boiler,CO2,2025,1
World,HLI_Gas_Boiler,CO2,2030,1
World,HLI_Gas_Boiler,CO2,2035,1
World,HLI_Gas_Boiler,CO2,2040,1
World,HLI_Gas_Boiler,CO2,2045,1
World,HLI_Gas_Boiler,CO2,2050,1
World,HLI_Gas_Boiler,CO2,2055,1
World,HLI_Gas_Boiler,CO2,2060,1
World,HLI_Geothermal,CO2,2018,1
World,HLI_Geothermal,CO2,2020,1
World,HLI_Geothermal,CO2,2025,1
World,HLI_Geothermal,CO2,2030,1
World,HLI_Geothermal,CO2,2035,1
World,HLI_Geothermal,CO2,2040,1
World,HLI_Geothermal,CO2,2045,1
World,HLI_Geothermal,CO2,2050,1
World,HLI_Geothermal,CO2,2055,1
World,HLI_Geothermal,CO2,2060,1
World,HLI_Hardcoal,CO2,2018,1
World,HLI_Hardcoal,CO2,2020,1
World,HLI_Hardcoal,CO2,2025,1
World,HLI_Hardcoal,CO2,2030,1
World,HLI_Hardcoal,CO2,2035,1
World,HLI_Hardcoal,CO2,2040,1
World,HLI_Hardcoal,CO2,2045,1
World,HLI_Hardcoal,CO2,2050,1
World,HLI_Hardcoal,CO2,2055,1
World,HLI_Hardcoal,CO2,2060,1
World,HLI_Lignite,CO2,2018,1
World,HLI_Lignite,CO2,2020,1
World,HLI_Lignite,CO2,2025,1
World,HLI_Lignite,CO2,2030,1
World,HLI_Lignite,CO2,2035,1
World,HLI_Lignite,CO2,2040,1
World,HLI_Lignite,CO2,2045,1
World,HLI_Lignite,CO2,2050,1
World,HLI_Lignite,CO2,2055,1
World,HLI_Lignite,CO2,2060,1
World,HLI_Oil_Boiler,CO2,2018,1
World,HLI_Oil_Boiler,CO2,2020,1
World,HLI_Oil_Boiler,CO2,2025,1
World,HLI_Oil_Boiler,CO2,2030,1
World,HLI_Oil_Boiler,CO2,2035,1
World,HLI_Oil_Boiler,CO2,2040,1
World,HLI_Oil_Boiler,CO2,2045,1
World,HLI_Oil_Boiler,CO2,2050,1
World,HLI_Oil_Boiler,CO2,2055,1
World,HLI_Oil_Boiler,CO2,2060,1
World,HMHI_Biomass,CO2,2018,1
World,HMHI_Biomass,CO2,2020,1
World,HMHI_Biomass,CO2,2025,1
World,HMHI_Biomass,CO2,2030,1
World,HMHI_Biomass,CO2,2035,1
World,HMHI_Biomass,CO2,2040,1
World,HMHI_Biomass,CO2,2045,1
World,HMHI_Biomass,CO2,2050,1
World,HMHI_Biomass,CO2,2055,1
World,HMHI_Biomass,CO2,2060,1
World,HMHI_Gas,CO2,2018,1
World,HMHI_Gas,CO2,2020,1
World,HMHI_Gas,CO2,2025,1
World,HMHI_Gas,CO2,2030,1
World,HMHI_Gas,CO2,2035,1
World,HMHI_Gas,CO2,2040,1
World,HMHI_Gas,CO2,2045,1
World,HMHI_Gas,CO2,2050,1
World,HMHI_Gas,CO2,2055,1
World,HMHI_Gas,CO2,2060,1
World,HMHI_Gas_CCS,CO2,2018,1
World,HMHI_Gas_CCS,CO2,2020,1
World,HMHI_Gas_CCS,CO2,2025,1
World,HMHI_Gas_CCS,CO2,2030,1
World,HMHI_Gas_CCS,CO2,2035,1
World,HMHI_Gas_CCS,CO2,2040,1
World,HMHI_Gas_CCS,CO2,2045,1
World,HMHI_Gas_CCS,CO2,2050,1
World,HMHI_Gas_CCS,CO2,2055,1
World,HMHI_Gas_CCS,CO2,2060,1
World,HMHI_HardCoal,CO2,2018,1
World,HMHI_HardCoal,CO2,2020,1
World,HMHI_HardCoal,CO2,2025,1
World,HMHI_HardCoal,CO2,2030,1
World,HMHI_HardCoal,CO2,2035,1
World,HMHI_HardCoal,CO2,2040,1
World,HMHI_HardCoal,CO2,2045,1
World,HMHI_HardCoal,CO2,2050,1
World,HMHI_HardCoal,CO2,2055,1
World,HMHI_HardCoal,CO2,2060,1
World,HMHI_HardCoal_CCS,CO2,2018,1
World,HMHI_HardCoal_CCS,CO2,2020,1
World,HMHI_HardCoal_CCS,CO2,2025,1
World,HMHI_HardCoal_CCS,CO2,2030,1
World,HMHI_HardCoal_CCS,CO2,2035,1
World,HMHI_HardCoal_CCS,CO2,2040,1
World,HMHI_HardCoal_CCS,CO2,2045,1
World,HMHI_HardCoal_CCS,CO2,2050,1
World,HMHI_HardCoal_CCS,CO2,2055,1
World,HMHI_HardCoal_CCS,CO2,2060,1
World,HMHI_Oil,CO2,2018,1
World,HMHI_Oil,CO2,2020,1
World,HMHI_Oil,CO2,2025,1
World,HMHI_Oil,CO2,2030,1
World,HMHI_Oil,CO2,2035,1
World,HMHI_Oil,CO2,2040,1
World,HMHI_Oil,CO2,2045,1
World,HMHI_Oil,CO2,2050,1
World,HMHI_Oil,CO2,2055,1
World,HMHI_Oil,CO2,2060,1
World,PSNG_Air_Conv,CO2,2018,1
World,PSNG_Air_Conv,CO2,2020,1
World,PSNG_Air_Conv,CO2,2025,1
World,PSNG_Air_Conv,CO2,2030,1
World,PSNG_Air_Conv,CO2,2035,1
World,PSNG_Air_Conv,CO2,2040,1
World,PSNG_Air_Conv,CO2,2045,1
World,PSNG_Air_Conv,CO2,2050,1
World,PSNG_Air_Conv,CO2,2055,1
World,PSNG_Air_Conv,CO2,2060,1
World,PSNG_Rail_Conv,CO2,2018,0
World,PSNG_Rail_Conv,CO2,2020,0
World,PSNG_Rail_Conv,CO2,2025,0
World,PSNG_Rail_Conv,CO2,2030,0
World,PSNG_Rail_Conv,CO2,2035,0
World,PSNG_Rail_Conv,CO2,2040,0
World,PSNG_Rail_Conv,CO2,2045,0
World,PSNG_Rail_Conv,CO2,2050,0
World,PSNG_Rail_Conv,CO2,2055,0
World,PSNG_Rail_Conv,CO2,2060,0
World,PSNG_Road_ICE,CO2,2018,0
World,PSNG_Road_ICE,CO2,2020,0
World,PSNG_Road_ICE,CO2,2025,0
World,PSNG_Road_ICE,CO2,2030,0
World,PSNG_Road_ICE,CO2,2035,0
World,PSNG_Road_ICE,CO2,2040,0
World,PSNG_Road_ICE,CO2,2045,0
World,PSNG_Road_ICE,CO2,2050,0
World,PSNG_Road_ICE,CO2,2055,0
World,PSNG_Road_ICE,CO2,2060,0
World,PSNG_Road_PHEV,CO2,2018,0
World,PSNG_Road_PHEV,CO2,2020,0
World,PSNG_Road_PHEV,CO2,2025,0
World,PSNG_Road_PHEV,CO2,2030,0
World,PSNG_Road_PHEV,CO2,2035,0
World,PSNG_Road_PHEV,CO2,2040,0
World,PSNG_Road_PHEV,CO2,2045,0
World,PSNG_Road_PHEV,CO2,2050,0
World,PSNG_Road_PHEV,CO2,2055,0
World,PSNG_Road_PHEV,CO2,2060,0
World,P_Biomass_CCS,CO2,2018,1
World,P_Biomass_CCS,CO2,2020,1
World,P_Biomass_CCS,CO2,2025,1
World,P_Biomass_CCS,CO2,2030,1
World,P_Biomass_CCS,CO2,2035,1
World,P_Biomass_CCS,CO2,2040,1
World,P_Biomass_CCS,CO2,2045,1
World,P_Biomass_CCS,CO2,2050,1
World,P_Biomass_CCS,CO2,2055,1
World,P_Biomass_CCS,CO2,2060,1
World,P_Coal_Hardcoal,CO2,2018,1
World,P_Coal_Hardcoal,CO2,2020,1
World,P_Coal_Hardcoal,CO2,2025,1
World,P_Coal_Hardcoal,CO2,2030,1
World,P_Coal_Hardcoal,CO2,2035,1
World,P_Coal_Hardcoal,CO2,2040,1
World,P_Coal_Hardcoal,CO2,2045,1
World,P_Coal_Hardcoal,CO2,2050,1
World,P_Coal_Hardcoal,CO2,2055,1
World,P_Coal_Hardcoal,CO2,2060,1
World,P_Coal_Hardcoal_CCS,CO2,2018,1
World,P_Coal_Hardcoal_CCS,CO2,2020,1
World,P_Coal_Hardcoal_CCS,CO2,2025,1
World,P_Coal_Hardcoal_CCS,CO2,2030,1
World,P_Coal_Hardcoal_CCS,CO2,2035,1
World,P_Coal_Hardcoal_CCS,CO2,2040,1
World,P_Coal_Hardcoal_CCS,CO2,2045,1
World,P_Coal_Hardcoal_CCS,CO2,2050,1
World,P_Coal_Hardcoal_CCS,CO2,2055,1
World,P_Coal_Hardcoal_CCS,CO2,2060,1
World,P_Coal_Lignite,CO2,2018,1
World,P_Coal_Lignite,CO2,2020,1
World,P_Coal_Lignite,CO2,2025,1
World,P_Coal_Lignite,CO2,2030,1
World,P_Coal_Lignite,CO2,2035,1
World,P_Coal_Lignite,CO2,2040,1
World,P_Coal_Lignite,CO2,2045,1
World,P_Coal_Lignite,CO2,2050,1
World,P_Coal_Lignite,CO2,2055,1
World,P_Coal_Lignite,CO2,2060,1
World,P_Coal_Lignite_CCS,CO2,2018,1
World,P_Coal_Lignite_CCS,CO2,2020,1
World,P_Coal_Lignite_CCS,CO2,2025,1
World,P_Coal_Lignite_CCS,CO2,2030,1
World,P_Coal_Lignite_CCS,CO2,2035,1
World,P_Coal_Lignite_CCS,CO2,2040,1
World,P_Coal_Lignite_CCS,CO2,2045,1
World,P_Coal_Lignite_CCS,CO2,2050,1
World,P_Coal_Lignite_CCS,CO2,2055,1
World,P_Coal_Lignite_CCS,CO2,2060,1
World,P_Gas_CCS,CO2,2018,1
World,P_Gas_CCS,CO2,2020,1
World,P_Gas_CCS,CO2,2025,1
World,P_Gas_CCS,CO2,2030,1
World,P_Gas_CCS,CO2,2035,1
World,P_Gas_CCS,CO2,2040,1
World,P_Gas_CCS,CO2,2045,1
World,P_Gas_CCS,CO2,2050,1
World,P_Gas_CCS,CO2,2055,1
World,P_Gas_CCS,CO2,2060,1
World,P_Oil,CO2,2018,1
World,P_Oil,CO2,2020,1
World,P_Oil,CO2,2025,1
World,P_Oil,CO2,2030,1
World,P_Oil,CO2,2035,1
World,P_Oil,CO2,2040,1
World,P_Oil,CO2,2045,1
World,P_Oil,CO2,2050,1
World,P_Oil,CO2,2055,1
World,P_Oil,CO2,2060,1
World,X_ATR_CCS,CO2,2018,1
World,X_ATR_CCS,CO2,2020,1
World,X_ATR_CCS,CO2,2025,1
World,X_ATR_CCS,CO2,2030,1
World,X_ATR_CCS,CO2,2035,1
World,X_ATR_CCS,CO2,2040,1
World,X_ATR_CCS,CO2,2045,1
World,X_ATR_CCS,CO2,2050,1
World,X_ATR_CCS,CO2,2055,1
World,X_ATR_CCS,CO2,2060,1
World,X_SMR,CO2,2018,1
World,X_SMR,CO2,2020,1
World,X_SMR,CO2,2025,1
World,X_SMR,CO2,2030,1
World,X_SMR,CO2,2035,1
World,X_SMR,CO2,2040,1
World,X_SMR,CO2,2045,1
World,X_SMR,CO2,2050,1
World,X_SMR,CO2,2055,1
World,X_SMR,CO2,2060,1
DE_BB,CHP_Biomass_Solid,CO2,All,1
DE_BE,CHP_Biomass_Solid,CO2,All,1
DE_BW,CHP_Biomass_Solid,CO2,All,1
DE_BY,CHP_Biomass_Solid,CO2,All,1
DE_HB,CHP_Biomass_Solid,CO2,All,1
DE_HE,CHP_Biomass_Solid,CO2,All,1
DE_HH,CHP_Biomass_Solid,CO2,All,1
DE_MV,CHP_Biomass_Solid,CO2,All,1
DE_NI,CHP_Biomass_Solid,CO2,All,1
DE_NRW,CHP_Biomass_Solid,CO2,All,1
DE_RP,CHP_Biomass_Solid,CO2,All,1
DE_SH,CHP_Biomass_Solid,CO2,All,1
DE_SL,CHP_Biomass_Solid,CO2,All,1
DE_SN,CHP_Biomass_Solid,CO2,All,1
DE_ST,CHP_Biomass_Solid,CO2,All,1
DE_TH,CHP_Biomass_Solid,CO2,All,1
DE_BB,CHP_Biomass_Solid_CCS,CO2,All,1
DE_BE,CHP_Biomass_Solid_CCS,CO2,All,1
DE_BW,CHP_Biomass_Solid_CCS,CO2,All,1
DE_BY,CHP_Biomass_Solid_CCS,CO2,All,1
DE_HB,CHP_Biomass_Solid_CCS,CO2,All,1
DE_HE,CHP_Biomass_Solid_CCS,CO2,All,1
DE_HH,CHP_Biomass_Solid_CCS,CO2,All,1
DE_MV,CHP_Biomass_Solid_CCS,CO2,All,1
DE_NI,CHP_Biomass_Solid_CCS,CO2,All,1
DE_NRW,CHP_Biomass_Solid_CCS,CO2,All,1
DE_RP,CHP_Biomass_Solid_CCS,CO2,All,1
DE_SH,CHP_Biomass_Solid_CCS,CO2,All,1
DE_SL,CHP_Biomass_Solid_CCS,CO2,All,1
DE_SN,CHP_Biomass_Solid_CCS,CO2,All,1
DE_ST,CHP_Biomass_Solid_CCS,CO2,All,1
DE_TH,CHP_Biomass_Solid_CCS,CO2,All,1
DE_BB,CHP_Coal_Hardcoal,CO2,All,1
DE_BE,CHP_Coal_Hardcoal,CO2,All,1
DE_BW,CHP_Coal_Hardcoal,CO2,All,1
DE_BY,CHP_Coal_Hardcoal,CO2,All,1
DE_HB,CHP_Coal_Hardcoal,CO2,All,1
DE_HE,CHP_Coal_Hardcoal,CO2,All,1
DE_HH,CHP_Coal_Hardcoal,CO2,All,1
DE_MV,CHP_Coal_Hardcoal,CO2,All,1
DE_NI,CHP_Coal_Hardcoal,CO2,All,1
DE_NRW,CHP_Coal_Hardcoal,CO2,All,1
DE_RP,CHP_Coal_Hardcoal,CO2,All,1
DE_SH,CHP_Coal_Hardcoal,CO2,All,1
DE_SL,CHP_Coal_Hardcoal,CO2,All,1
DE_SN,CHP_Coal_Hardcoal,CO2,All,1
DE_ST,CHP_Coal_Hardcoal,CO2,All,1
DE_TH,CHP_Coal_Hardcoal,CO2,All,1
DE_BB,CHP_Coal_Hardcoal_CCS,CO2,All,1
DE_BE,CHP_Coal_Hardcoal_CCS,CO2,All,1
DE_BW,CHP_Coal_Hardcoal_CCS,CO2,All,1
DE_BY,CHP_Coal_Hardcoal_CCS,CO2,All,1
DE_HB,CHP_Coal_Hardcoal_CCS,CO2,All,1
DE_HE,CHP_Coal_Hardcoal_CCS,CO2,All,1
DE_HH,CHP_Coal_Hardcoal_CCS,CO2,All,1
DE_MV,CHP_Coal_Hardcoal_CCS,CO2,All,1
DE_NI,CHP_Coal_Hardcoal_CCS,CO2,All,1
DE_NRW,CHP_Coal_Hardcoal_CCS,CO2,All,1
DE_RP,CHP_Coal_Hardcoal_CCS,CO2,All,1
DE_SH,CHP_Coal_Hardcoal_CCS,CO2,All,1
DE_SL,CHP_Coal_Hardcoal_CCS,CO2,All,1
DE_SN,CHP_Coal_Hardcoal_CCS,CO2,All,1
DE_ST,CHP_Coal_Hardcoal_CCS,CO2,All,1
DE_TH,CHP_Coal_Hardcoal_CCS,CO2,All,1
DE_BB,CHP_Coal_Lignite,CO2,All,1
DE_BE,CHP_Coal_Lignite,CO2,All,1
DE_BW,CHP_Coal_Lignite,CO2,All,1
DE_BY,CHP_Coal_Lignite,CO2,All,1
DE_HB,CHP_Coal_Lignite,CO2,All,1
DE_HE,CHP_Coal_Lignite,CO2,All,1
DE_HH,CHP_Coal_Lignite,CO2,All,1
DE_MV,CHP_Coal_Lignite,CO2,All,1
DE_NI,CHP_Coal_Lignite,CO2,All,1
DE_NRW,CHP_Coal_Lignite,CO2,All,1
DE_RP,CHP_Coal_Lignite,CO2,All,1
DE_SH,CHP_Coal_Lignite,CO2,All,1
DE_SL,CHP_Coal_Lignite,CO2,All,1
DE_SN,CHP_Coal_Lignite,CO2,All,1
DE_ST,CHP_Coal_Lignite,CO2,All,1
DE_TH,CHP_Coal_Lignite,CO2,All,1
DE_BB,CHP_Coal_Lignite_CCS,CO2,All,1
DE_BE,CHP_Coal_Lignite_CCS,CO2,All,1
DE_BW,CHP_Coal_Lignite_CCS,CO2,All,1
DE_BY,CHP_Coal_Lignite_CCS,CO2,All,1
DE_HB,CHP_Coal_Lignite_CCS,CO2,All,1
DE_HE,CHP_Coal_Lignite_CCS,CO2,All,1
DE_HH,CHP_Coal_Lignite_CCS,CO2,All,1
DE_MV,CHP_Coal_Lignite_CCS,CO2,All,1
DE_NI,CHP_Coal_Lignite_CCS,CO2,All,1
DE_NRW,CHP_Coal_Lignite_CCS,CO2,All,1
DE_RP,CHP_Coal_Lignite_CCS,CO2,All,1
DE_SH,CHP_Coal_Lignite_CCS,CO2,All,1
DE_SL,CHP_Coal_Lignite_CCS,CO2,All,1
DE_SN,CHP_Coal_Lignite_CCS,CO2,All,1
DE_ST,CHP_Coal_Lignite_CCS,CO2,All,1
DE_TH,CHP_Coal_Lignite_CCS,CO2,All,1
DE_BB,CHP_Gas_CCGT_Biogas,CO2,All,1
DE_BE,CHP_Gas_CCGT_Biogas,CO2,All,1
DE_BW,CHP_Gas_CCGT_Biogas,CO2,All,1
DE_BY,CHP_Gas_CCGT_Biogas,CO2,All,1
DE_HB,CHP_Gas_CCGT_Biogas,CO2,All,1
DE_HE,CHP_Gas_CCGT_Biogas,CO2,All,1
DE_HH,CHP_Gas_CCGT_Biogas,CO2,All,1
DE_MV,CHP_Gas_CCGT_Biogas,CO2,All,1
DE_NI,CHP_Gas_CCGT_Biogas,CO2,All,1
DE_NRW,CHP_Gas_CCGT_Biogas,CO2,All,1
DE_RP,CHP_Gas_CCGT_Biogas,CO2,All,1
DE_SH,CHP_Gas_CCGT_Biogas,CO2,All,1
DE_SL,CHP_Gas_CCGT_Biogas,CO2,All,1
DE_SN,CHP_Gas_CCGT_Biogas,CO2,All,1
DE_ST,CHP_Gas_CCGT_Biogas,CO2,All,1
DE_TH,CHP_Gas_CCGT_Biogas,CO2,All,1
DE_BB,CHP_Gas_CCGT_Biogas_CCS,CO2,All,1
DE_BE,CHP_Gas_CCGT_Biogas_CCS,CO2,All,1
DE_BW,CHP_Gas_CCGT_Biogas_CCS,CO2,All,1
DE_BY,CHP_Gas_CCGT_Biogas_CCS,CO2,All,1
DE_HB,CHP_Gas_CCGT_Biogas_CCS,CO2,All,1
DE_HE,CHP_Gas_CCGT_Biogas_CCS,CO2,All,1
DE_HH,CHP_Gas_CCGT_Biogas_CCS,CO2,All,1
DE_MV,CHP_Gas_CCGT_Biogas_CCS,CO2,All,1
DE_NI,CHP_Gas_CCGT_Biogas_CCS,CO2,All,1
DE_NRW,CHP_Gas_CCGT_Biogas_CCS,CO2,All,1
DE_RP,CHP_Gas_CCGT_Biogas_CCS,CO2,All,1
DE_SH,CHP_Gas_CCGT_Biogas_CCS,CO2,All,1
DE_SL,CHP_Gas_CCGT_Biogas_CCS,CO2,All,1
DE_SN,CHP_Gas_CCGT_Biogas_CCS,CO2,All,1
DE_ST,CHP_Gas_CCGT_Biogas_CCS,CO2,All,1
DE_TH,CHP_Gas_CCGT_Biogas_CCS,CO2,All,1
DE_BB,CHP_Gas_CCGT_Natural,CO2,All,1
DE_BE,CHP_Gas_CCGT_Natural,CO2,All,1
DE_BW,CHP_Gas_CCGT_Natural,CO2,All,1
DE_BY,CHP_Gas_CCGT_Natural,CO2,All,1
DE_HB,CHP_Gas_CCGT_Natural,CO2,All,1
DE_HE,CHP_Gas_CCGT_Natural,CO2,All,1
DE_HH,CHP_Gas_CCGT_Natural,CO2,All,1
DE_MV,CHP_Gas_CCGT_Natural,CO2,All,1
DE_NI,CHP_Gas_CCGT_Natural,CO2,All,1
DE_NRW,CHP_Gas_CCGT_Natural,CO2,All,1
DE_RP,CHP_Gas_CCGT_Natural,CO2,All,1
DE_SH,CHP_Gas_CCGT_Natural,CO2,All,1
DE_SL,CHP_Gas_CCGT_Natural,CO2,All,1
DE_SN,CHP_Gas_CCGT_Natural,CO2,All,1
DE_ST,CHP_Gas_CCGT_Natural,CO2,All,1
DE_TH,CHP_Gas_CCGT_Natural,CO2,All,1
DE_BB,CHP_Gas_CCGT_Natural_CCS,CO2,All,1
DE_BE,CHP_Gas_CCGT_Natural_CCS,CO2,All,1
DE_BW,CHP_Gas_CCGT_Natural_CCS,CO2,All,1
DE_BY,CHP_Gas_CCGT_Natural_CCS,CO2,All,1
DE_HB,CHP_Gas_CCGT_Natural_CCS,CO2,All,1
DE_HE,CHP_Gas_CCGT_Natural_CCS,CO2,All,1
DE_HH,CHP_Gas_CCGT_Natural_CCS,CO2,All,1
DE_MV,CHP_Gas_CCGT_Natural_CCS,CO2,All,1
DE_NI,CHP_Gas_CCGT_Natural_CCS,CO2,All,1
DE_NRW,CHP_Gas_CCGT_Natural_CCS,CO2,All,1
DE_RP,CHP_Gas_CCGT_Natural_CCS,CO2,All,1
DE_SH,CHP_Gas_CCGT_Natural_CCS,CO2,All,1
DE_SL,CHP_Gas_CCGT_Natural_CCS,CO2,All,1
DE_SN,CHP_Gas_CCGT_Natural_CCS,CO2,All,1
DE_ST,CHP_Gas_CCGT_Natural_CCS,CO2,All,1
DE_TH,CHP_Gas_CCGT_Natural_CCS,CO2,All,1
DE_BB,CHP_Gas_CCGT_SynGas,CO2,All,1
DE_BE,CHP_Gas_CCGT_SynGas,CO2,All,1
DE_BW,CHP_Gas_CCGT_SynGas,CO2,All,1
DE_BY,CHP_Gas_CCGT_SynGas,CO2,All,1
DE_HB,CHP_Gas_CCGT_SynGas,CO2,All,1
DE_HE,CHP_Gas_CCGT_SynGas,CO2,All,1
DE_HH,CHP_Gas_CCGT_SynGas,CO2,All,1
DE_MV,CHP_Gas_CCGT_SynGas,CO2,All,1
DE_NI,CHP_Gas_CCGT_SynGas,CO2,All,1
DE_NRW,CHP_Gas_CCGT_SynGas,CO2,All,1
DE_RP,CHP_Gas_CCGT_SynGas,CO2,All,1
DE_SH,CHP_Gas_CCGT_SynGas,CO2,All,1
DE_SL,CHP_Gas_CCGT_SynGas,CO2,All,1
DE_SN,CHP_Gas_CCGT_SynGas,CO2,All,1
DE_ST,CHP_Gas_CCGT_SynGas,CO2,All,1
DE_TH,CHP_Gas_CCGT_SynGas,CO2,All,1
DE_BB,CHP_Hydrogen_FuelCell,CO2,All,1
DE_BE,CHP_Hydrogen_FuelCell,CO2,All,1
DE_BW,CHP_Hydrogen_FuelCell,CO2,All,1
DE_BY,CHP_Hydrogen_FuelCell,CO2,All,1
DE_HB,CHP_Hydrogen_FuelCell,CO2,All,1
DE_HE,CHP_Hydrogen_FuelCell,CO2,All,1
DE_HH,CHP_Hydrogen_FuelCell,CO2,All,1
DE_MV,CHP_Hydrogen_FuelCell,CO2,All,1
DE_NI,CHP_Hydrogen_FuelCell,CO2,All,1
DE_NRW,CHP_Hydrogen_FuelCell,CO2,All,1
DE_RP,CHP_Hydrogen_FuelCell,CO2,All,1
DE_SH,CHP_Hydrogen_FuelCell,CO2,All,1
DE_SL,CHP_Hydrogen_FuelCell,CO2,All,1
DE_SN,CHP_Hydrogen_FuelCell,CO2,All,1
DE_ST,CHP_Hydrogen_FuelCell,CO2,All,1
DE_TH,CHP_Hydrogen_FuelCell,CO2,All,1
DE_BB,CHP_Oil,CO2,All,1
DE_BE,CHP_Oil,CO2,All,1
DE_BW,CHP_Oil,CO2,All,1
DE_BY,CHP_Oil,CO2,All,1
DE_HB,CHP_Oil,CO2,All,1
DE_HE,CHP_Oil,CO2,All,1
DE_HH,CHP_Oil,CO2,All,1
DE_MV,CHP_Oil,CO2,All,1
DE_NI,CHP_Oil,CO2,All,1
DE_NRW,CHP_Oil,CO2,All,1
DE_RP,CHP_Oil,CO2,All,1
DE_SH,CHP_Oil,CO2,All,1
DE_SL,CHP_Oil,CO2,All,1
DE_SN,CHP_Oil,CO2,All,1
DE_ST,CHP_Oil,CO2,All,1
DE_TH,CHP_Oil,CO2,All,1
DE_BB,CHP_WasteToEnergy,CO2,All,1
DE_BE,CHP_WasteToEnergy,CO2,All,1
DE_BW,CHP_WasteToEnergy,CO2,All,1
DE_BY,CHP_WasteToEnergy,CO2,All,1
DE_HB,CHP_WasteToEnergy,CO2,All,1
DE_HE,CHP_WasteToEnergy,CO2,All,1
DE_HH,CHP_WasteToEnergy,CO2,All,1
DE_MV,CHP_WasteToEnergy,CO2,All,1
DE_NI,CHP_WasteToEnergy,CO2,All,1
DE_NRW,CHP_WasteToEnergy,CO2,All,1
DE_RP,CHP_WasteToEnergy,CO2,All,1
DE_SH,CHP_WasteToEnergy,CO2,All,1
DE_SL,CHP_WasteToEnergy,CO2,All,1
DE_SN,CHP_WasteToEnergy,CO2,All,1
DE_ST,CHP_WasteToEnergy,CO2,All,1
DE_TH,CHP_WasteToEnergy,CO2,All,1
DE_BB,FRT_Rail_Conv,CO2,All,1
DE_BE,FRT_Rail_Conv,CO2,All,1
DE_BW,FRT_Rail_Conv,CO2,All,1
DE_BY,FRT_Rail_Conv,CO2,All,1
DE_HB,FRT_Rail_Conv,CO2,All,1
DE_HE,FRT_Rail_Conv,CO2,All,1
DE_HH,FRT_Rail_Conv,CO2,All,1
DE_MV,FRT_Rail_Conv,CO2,All,1
DE_NI,FRT_Rail_Conv,CO2,All,1
DE_NRW,FRT_Rail_Conv,CO2,All,1
DE_RP,FRT_Rail_Conv,CO2,All,1
DE_SH,FRT_Rail_Conv,CO2,All,1
DE_SL,FRT_Rail_Conv,CO2,All,1
DE_SN,FRT_Rail_Conv,CO2,All,1
DE_ST,FRT_Rail_Conv,CO2,All,1
DE_TH,FRT_Rail_Conv,CO2,All,1
DE_BB,FRT_Road_ICE,CO2,All,1
DE_BE,FRT_Road_ICE,CO2,All,1
DE_BW,FRT_Road_ICE,CO2,All,1
DE_BY,FRT_Road_ICE,CO2,All,1
DE_HB,FRT_Road_ICE,CO2,All,1
DE_HE,FRT_Road_ICE,CO2,All,1
DE_HH,FRT_Road_ICE,CO2,All,1
DE_MV,FRT_Road_ICE,CO2,All,1
DE_NI,FRT_Road_ICE,CO2,All,1
DE_NRW,FRT_Road_ICE,CO2,All,1
DE_RP,FRT_Road_ICE,CO2,All,1
DE_SH,FRT_Road_ICE,CO2,All,1
DE_SL,FRT_Road_ICE,CO2,All,1
DE_SN,FRT_Road_ICE,CO2,All,1
DE_ST,FRT_Road_ICE,CO2,All,1
DE_TH,FRT_Road_ICE,CO2,All,1
DE_BB,FRT_Road_LNG,CO2,All,1
DE_BE,FRT_Road_LNG,CO2,All,1
DE_BW,FRT_Road_LNG,CO2,All,1
DE_BY,FRT_Road_LNG,CO2,All,1
DE_HB,FRT_Road_LNG,CO2,All,1
DE_HE,FRT_Road_LNG,CO2,All,1
DE_HH,FRT_Road_LNG,CO2,All,1
DE_MV,FRT_Road_LNG,CO2,All,1
DE_NI,FRT_Road_LNG,CO2,All,1
DE_NRW,FRT_Road_LNG,CO2,All,1
DE_RP,FRT_Road_LNG,CO2,All,1
DE_SH,FRT_Road_LNG,CO2,All,1
DE_SL,FRT_Road_LNG,CO2,All,1
DE_SN,FRT_Road_LNG,CO2,All,1
DE_ST,FRT_Road_LNG,CO2,All,1
DE_TH,FRT_Road_LNG,CO2,All,1
DE_BB,FRT_Road_PHEV,CO2,All,1
DE_BE,FRT_Road_PHEV,CO2,All,1
DE_BW,FRT_Road_PHEV,CO2,All,1
DE_BY,FRT_Road_PHEV,CO2,All,1
DE_HB,FRT_Road_PHEV,CO2,All,1
DE_HE,FRT_Road_PHEV,CO2,All,1
DE_HH,FRT_Road_PHEV,CO2,All,1
DE_MV,FRT_Road_PHEV,CO2,All,1
DE_NI,FRT_Road_PHEV,CO2,All,1
DE_NRW,FRT_Road_PHEV,CO2,All,1
DE_RP,FRT_Road_PHEV,CO2,All,1
DE_SH,FRT_Road_PHEV,CO2,All,1
DE_SL,FRT_Road_PHEV,CO2,All,1
DE_SN,FRT_Road_PHEV,CO2,All,1
DE_ST,FRT_Road_PHEV,CO2,All,1
DE_TH,FRT_Road_PHEV,CO2,All,1
DE_BB,FRT_Ship_Conv,CO2,All,1
DE_BE,FRT_Ship_Conv,CO2,All,1
DE_BW,FRT_Ship_Conv,CO2,All,1
DE_BY,FRT_Ship_Conv,CO2,All,1
DE_HB,FRT_Ship_Conv,CO2,All,1
DE_HE,FRT_Ship_Conv,CO2,All,1
DE_HH,FRT_Ship_Conv,CO2,All,1
DE_MV,FRT_Ship_Conv,CO2,All,1
DE_NI,FRT_Ship_Conv,CO2,All,1
DE_NRW,FRT_Ship_Conv,CO2,All,1
DE_RP,FRT_Ship_Conv,CO2,All,1
DE_SH,FRT_Ship_Conv,CO2,All,1
DE_SL,FRT_Ship_Conv,CO2,All,1
DE_SN,FRT_Ship_Conv,CO2,All,1
DE_ST,FRT_Ship_Conv,CO2,All,1
DE_TH,FRT_Ship_Conv,CO2,All,1
DE_BB,FRT_Ship_LNG,CO2,All,1
DE_BE,FRT_Ship_LNG,CO2,All,1
DE_BW,FRT_Ship_LNG,CO2,All,1
DE_BY,FRT_Ship_LNG,CO2,All,1
DE_HB,FRT_Ship_LNG,CO2,All,1
DE_HE,FRT_Ship_LNG,CO2,All,1
DE_HH,FRT_Ship_LNG,CO2,All,1
DE_MV,FRT_Ship_LNG,CO2,All,1
DE_NI,FRT_Ship_LNG,CO2,All,1
DE_NRW,FRT_Ship_LNG,CO2,All,1
DE_RP,FRT_Ship_LNG,CO2,All,1
DE_SH,FRT_Ship_LNG,CO2,All,1
DE_SL,FRT_Ship_LNG,CO2,All,1
DE_SN,FRT_Ship_LNG,CO2,All,1
DE_ST,FRT_Ship_LNG,CO2,All,1
DE_TH,FRT_Ship_LNG,CO2,All,1
DE_BB,HB_Biomass,CO2,All,1
DE_BE,HB_Biomass,CO2,All,1
DE_BW,HB_Biomass,CO2,All,1
DE_BY,HB_Biomass,CO2,All,1
DE_HB,HB_Biomass,CO2,All,1
DE_HE,HB_Biomass,CO2,All,1
DE_HH,HB_Biomass,CO2,All,1
DE_MV,HB_Biomass,CO2,All,1
DE_NI,HB_Biomass,CO2,All,1
DE_NRW,HB_Biomass,CO2,All,1
DE_RP,HB_Biomass,CO2,All,1
DE_SH,HB_Biomass,CO2,All,1
DE_SL,HB_Biomass,CO2,All,1
DE_SN,HB_Biomass,CO2,All,1
DE_ST,HB_Biomass,CO2,All,1
DE_TH,HB_Biomass,CO2,All,1
DE_BB,HB_Gas_Boiler,CO2,All,1
DE_BE,HB_Gas_Boiler,CO2,All,1
DE_BW,HB_Gas_Boiler,CO2,All,1
DE_BY,HB_Gas_Boiler,CO2,All,1
DE_HB,HB_Gas_Boiler,CO2,All,1
DE_HE,HB_Gas_Boiler,CO2,All,1
DE_HH,HB_Gas_Boiler,CO2,All,1
DE_MV,HB_Gas_Boiler,CO2,All,1
DE_NI,HB_Gas_Boiler,CO2,All,1
DE_NRW,HB_Gas_Boiler,CO2,All,1
DE_RP,HB_Gas_Boiler,CO2,All,1
DE_SH,HB_Gas_Boiler,CO2,All,1
DE_SL,HB_Gas_Boiler,CO2,All,1
DE_SN,HB_Gas_Boiler,CO2,All,1
DE_ST,HB_Gas_Boiler,CO2,All,1
DE_TH,HB_Gas_Boiler,CO2,All,1
DE_BB,HB_Geothermal,CO2,All,1
DE_BE,HB_Geothermal,CO2,All,1
DE_BW,HB_Geothermal,CO2,All,1
DE_BY,HB_Geothermal,CO2,All,1
DE_HB,HB_Geothermal,CO2,All,1
DE_HE,HB_Geothermal,CO2,All,1
DE_HH,HB_Geothermal,CO2,All,1
DE_MV,HB_Geothermal,CO2,All,1
DE_NI,HB_Geothermal,CO2,All,1
DE_NRW,HB_Geothermal,CO2,All,1
DE_RP,HB_Geothermal,CO2,All,1
DE_SH,HB_Geothermal,CO2,All,1
DE_SL,HB_Geothermal,CO2,All,1
DE_SN,HB_Geothermal,CO2,All,1
DE_ST,HB_Geothermal,CO2,All,1
DE_TH,HB_Geothermal,CO2,All,1
DE_BB,HB_Hardcoal,CO2,All,1
DE_BE,HB_Hardcoal,CO2,All,1
DE_BW,HB_Hardcoal,CO2,All,1
DE_BY,HB_Hardcoal,CO2,All,1
DE_HB,HB_Hardcoal,CO2,All,1
DE_HE,HB_Hardcoal,CO2,All,1
DE_HH,HB_Hardcoal,CO2,All,1
DE_MV,HB_Hardcoal,CO2,All,1
DE_NI,HB_Hardcoal,CO2,All,1
DE_NRW,HB_Hardcoal,CO2,All,1
DE_RP,HB_Hardcoal,CO2,All,1
DE_SH,HB_Hardcoal,CO2,All,1
DE_SL,HB_Hardcoal,CO2,All,1
DE_SN,HB_Hardcoal,CO2,All,1
DE_ST,HB_Hardcoal,CO2,All,1
DE_TH,HB_Hardcoal,CO2,All,1
DE_BB,HB_Lignite,CO2,All,1
DE_BE,HB_Lignite,CO2,All,1
DE_BW,HB_Lignite,CO2,All,1
DE_BY,HB_Lignite,CO2,All,1
DE_HB,HB_Lignite,CO2,All,1
DE_HE,HB_Lignite,CO2,All,1
DE_HH,HB_Lignite,CO2,All,1
DE_MV,HB_Lignite,CO2,All,1
DE_NI,HB_Lignite,CO2,All,1
DE_NRW,HB_Lignite,CO2,All,1
DE_RP,HB_Lignite,CO2,All,1
DE_SH,HB_Lignite,CO2,All,1
DE_SL,HB_Lignite,CO2,All,1
DE_SN,HB_Lignite,CO2,All,1
DE_ST,HB_Lignite,CO2,All,1
DE_TH,HB_Lignite,CO2,All,1
DE_BB,HB_Oil_Boiler,CO2,All,1
DE_BE,HB_Oil_Boiler,CO2,All,1
DE_BW,HB_Oil_Boiler,CO2,All,1
DE_BY,HB_Oil_Boiler,CO2,All,1
DE_HB,HB_Oil_Boiler,CO2,All,1
DE_HE,HB_Oil_Boiler,CO2,All,1
DE_HH,HB_Oil_Boiler,CO2,All,1
DE_MV,HB_Oil_Boiler,CO2,All,1
DE_NI,HB_Oil_Boiler,CO2,All,1
DE_NRW,HB_Oil_Boiler,CO2,All,1
DE_RP,HB_Oil_Boiler,CO2,All,1
DE_SH,HB_Oil_Boiler,CO2,All,1
DE_SL,HB_Oil_Boiler,CO2,All,1
DE_SN,HB_Oil_Boiler,CO2,All,1
DE_ST,HB_Oil_Boiler,CO2,All,1
DE_TH,HB_Oil_Boiler,CO2,All,1
DE_BB,HHI_BF_BOF,CO2,All,1
DE_BE,HHI_BF_BOF,CO2,All,1
DE_BW,HHI_BF_BOF,CO2,All,1
DE_BY,HHI_BF_BOF,CO2,All,1
DE_HB,HHI_BF_BOF,CO2,All,1
DE_HE,HHI_BF_BOF,CO2,All,1
DE_HH,HHI_BF_BOF,CO2,All,1
DE_MV,HHI_BF_BOF,CO2,All,1
DE_NI,HHI_BF_BOF,CO2,All,1
DE_NRW,HHI_BF_BOF,CO2,All,1
DE_RP,HHI_BF_BOF,CO2,All,1
DE_SH,HHI_BF_BOF,CO2,All,1
DE_SL,HHI_BF_BOF,CO2,All,1
DE_SN,HHI_BF_BOF,CO2,All,1
DE_ST,HHI_BF_BOF,CO2,All,1
DE_TH,HHI_BF_BOF,CO2,All,1
DE_BB,HHI_BF_BOF_CCS,CO2,All,1
DE_BE,HHI_BF_BOF_CCS,CO2,All,1
DE_BW,HHI_BF_BOF_CCS,CO2,All,1
DE_BY,HHI_BF_BOF_CCS,CO2,All,1
DE_HB,HHI_BF_BOF_CCS,CO2,All,1
DE_HE,HHI_BF_BOF_CCS,CO2,All,1
DE_HH,HHI_BF_BOF_CCS,CO2,All,1
DE_MV,HHI_BF_BOF_CCS,CO2,All,1
DE_NI,HHI_BF_BOF_CCS,CO2,All,1
DE_NRW,HHI_BF_BOF_CCS,CO2,All,1
DE_RP,HHI_BF_BOF_CCS,CO2,All,1
DE_SH,HHI_BF_BOF_CCS,CO2,All,1
DE_SL,HHI_BF_BOF_CCS,CO2,All,1
DE_SN,HHI_BF_BOF_CCS,CO2,All,1
DE_ST,HHI_BF_BOF_CCS,CO2,All,1
DE_TH,HHI_BF_BOF_CCS,CO2,All,1
DE_BB,HHI_Bio_BF_BOF,CO2,All,1
DE_BE,HHI_Bio_BF_BOF,CO2,All,1
DE_BW,HHI_Bio_BF_BOF,CO2,All,1
DE_BY,HHI_Bio_BF_BOF,CO2,All,1
DE_HB,HHI_Bio_BF_BOF,CO2,All,1
DE_HE,HHI_Bio_BF_BOF,CO2,All,1
DE_HH,HHI_Bio_BF_BOF,CO2,All,1
DE_MV,HHI_Bio_BF_BOF,CO2,All,1
DE_NI,HHI_Bio_BF_BOF,CO2,All,1
DE_NRW,HHI_Bio_BF_BOF,CO2,All,1
DE_RP,HHI_Bio_BF_BOF,CO2,All,1
DE_SH,HHI_Bio_BF_BOF,CO2,All,1
DE_SL,HHI_Bio_BF_BOF,CO2,All,1
DE_SN,HHI_Bio_BF_BOF,CO2,All,1
DE_ST,HHI_Bio_BF_BOF,CO2,All,1
DE_TH,HHI_Bio_BF_BOF,CO2,All,1
DE_BB,HHI_DRI_EAF,CO2,All,1
DE_BE,HHI_DRI_EAF,CO2,All,1
DE_BW,HHI_DRI_EAF,CO2,All,1
DE_BY,HHI_DRI_EAF,CO2,All,1
DE_HB,HHI_DRI_EAF,CO2,All,1
DE_HE,HHI_DRI_EAF,CO2,All,1
DE_HH,HHI_DRI_EAF,CO2,All,1
DE_MV,HHI_DRI_EAF,CO2,All,1
DE_NI,HHI_DRI_EAF,CO2,All,1
DE_NRW,HHI_DRI_EAF,CO2,All,1
DE_RP,HHI_DRI_EAF,CO2,All,1
DE_SH,HHI_DRI_EAF,CO2,All,1
DE_SL,HHI_DRI_EAF,CO2,All,1
DE_SN,HHI_DRI_EAF,CO2,All,1
DE_ST,HHI_DRI_EAF,CO2,All,1
DE_TH,HHI_DRI_EAF,CO2,All,1
DE_BB,HHI_DRI_EAF_CCS,CO2,All,1
DE_BE,HHI_DRI_EAF_CCS,CO2,All,1
DE_BW,HHI_DRI_EAF_CCS,CO2,All,1
DE_BY,HHI_DRI_EAF_CCS,CO2,All,1
DE_HB,HHI_DRI_EAF_CCS,CO2,All,1
DE_HE,HHI_DRI_EAF_CCS,CO2,All,1
DE_HH,HHI_DRI_EAF_CCS,CO2,All,1
DE_MV,HHI_DRI_EAF_CCS,CO2,All,1
DE_NI,HHI_DRI_EAF_CCS,CO2,All,1
DE_NRW,HHI_DRI_EAF_CCS,CO2,All,1
DE_RP,HHI_DRI_EAF_CCS,CO2,All,1
DE_SH,HHI_DRI_EAF_CCS,CO2,All,1
DE_SL,HHI_DRI_EAF_CCS,CO2,All,1
DE_SN,HHI_DRI_EAF_CCS,CO2,All,1
DE_ST,HHI_DRI_EAF_CCS,CO2,All,1
DE_TH,HHI_DRI_EAF_CCS,CO2,All,1
DE_BB,HHI_H2DRI_EAF,CO2,All,1
DE_BE,HHI_H2DRI_EAF,CO2,All,1
DE_BW,HHI_H2DRI_EAF,CO2,All,1
DE_BY,HHI_H2DRI_EAF,CO2,All,1
DE_HB,HHI_H2DRI_EAF,CO2,All,1
DE_HE,HHI_H2DRI_EAF,CO2,All,1
DE_HH,HHI_H2DRI_EAF,CO2,All,1
DE_MV,HHI_H2DRI_EAF,CO2,All,1
DE_NI,HHI_H2DRI_EAF,CO2,All,1
DE_NRW,HHI_H2DRI_EAF,CO2,All,1
DE_RP,HHI_H2DRI_EAF,CO2,All,1
DE_SH,HHI_H2DRI_EAF,CO2,All,1
DE_SL,HHI_H2DRI_EAF,CO2,All,1
DE_SN,HHI_H2DRI_EAF,CO2,All,1
DE_ST,HHI_H2DRI_EAF,CO2,All,1
DE_TH,HHI_H2DRI_EAF,CO2,All,1
DE_BB,HHI_Molten_Electrolysis,CO2,All,1
DE_BE,HHI_Molten_Electrolysis,CO2,All,1
DE_BW,HHI_Molten_Electrolysis,CO2,All,1
DE_BY,HHI_Molten_Electrolysis,CO2,All,1
DE_HB,HHI_Molten_Electrolysis,CO2,All,1
DE_HE,HHI_Molten_Electrolysis,CO2,All,1
DE_HH,HHI_Molten_Electrolysis,CO2,All,1
DE_MV,HHI_Molten_Electrolysis,CO2,All,1
DE_NI,HHI_Molten_Electrolysis,CO2,All,1
DE_NRW,HHI_Molten_Electrolysis,CO2,All,1
DE_RP,HHI_Molten_Electrolysis,CO2,All,1
DE_SH,HHI_Molten_Electrolysis,CO2,All,1
DE_SL,HHI_Molten_Electrolysis,CO2,All,1
DE_SN,HHI_Molten_Electrolysis,CO2,All,1
DE_ST,HHI_Molten_Electrolysis,CO2,All,1
DE_TH,HHI_Molten_Electrolysis,CO2,All,1
DE_BB,HHI_Scrap_EAF,CO2,All,1
DE_BE,HHI_Scrap_EAF,CO2,All,1
DE_BW,HHI_Scrap_EAF,CO2,All,1
DE_BY,HHI_Scrap_EAF,CO2,All,1
DE_HB,HHI_Scrap_EAF,CO2,All,1
DE_HE,HHI_Scrap_EAF,CO2,All,1
DE_HH,HHI_Scrap_EAF,CO2,All,1
DE_MV,HHI_Scrap_EAF,CO2,All,1
DE_NI,HHI_Scrap_EAF,CO2,All,1
DE_NRW,HHI_Scrap_EAF,CO2,All,1
DE_RP,HHI_Scrap_EAF,CO2,All,1
DE_SH,HHI_Scrap_EAF,CO2,All,1
DE_SL,HHI_Scrap_EAF,CO2,All,1
DE_SN,HHI_Scrap_EAF,CO2,All,1
DE_ST,HHI_Scrap_EAF,CO2,All,1
DE_TH,HHI_Scrap_EAF,CO2,All,1
DE_BB,HLI_Biomass,CO2,All,1
DE_BE,HLI_Biomass,CO2,All,1
DE_BW,HLI_Biomass,CO2,All,1
DE_BY,HLI_Biomass,CO2,All,1
DE_HB,HLI_Biomass,CO2,All,1
DE_HE,HLI_Biomass,CO2,All,1
DE_HH,HLI_Biomass,CO2,All,1
DE_MV,HLI_Biomass,CO2,All,1
DE_NI,HLI_Biomass,CO2,All,1
DE_NRW,HLI_Biomass,CO2,All,1
DE_RP,HLI_Biomass,CO2,All,1
DE_SH,HLI_Biomass,CO2,All,1
DE_SL,HLI_Biomass,CO2,All,1
DE_SN,HLI_Biomass,CO2,All,1
DE_ST,HLI_Biomass,CO2,All,1
DE_TH,HLI_Biomass,CO2,All,1
DE_BB,HLI_Gas_Boiler,CO2,All,1
DE_BE,HLI_Gas_Boiler,CO2,All,1
DE_BW,HLI_Gas_Boiler,CO2,All,1
DE_BY,HLI_Gas_Boiler,CO2,All,1
DE_HB,HLI_Gas_Boiler,CO2,All,1
DE_HE,HLI_Gas_Boiler,CO2,All,1
DE_HH,HLI_Gas_Boiler,CO2,All,1
DE_MV,HLI_Gas_Boiler,CO2,All,1
DE_NI,HLI_Gas_Boiler,CO2,All,1
DE_NRW,HLI_Gas_Boiler,CO2,All,1
DE_RP,HLI_Gas_Boiler,CO2,All,1
DE_SH,HLI_Gas_Boiler,CO2,All,1
DE_SL,HLI_Gas_Boiler,CO2,All,1
DE_SN,HLI_Gas_Boiler,CO2,All,1
DE_ST,HLI_Gas_Boiler,CO2,All,1
DE_TH,HLI_Gas_Boiler,CO2,All,1
DE_BB,HLI_Geothermal,CO2,All,1
DE_BE,HLI_Geothermal,CO2,All,1
DE_BW,HLI_Geothermal,CO2,All,1
DE_BY,HLI_Geothermal,CO2,All,1
DE_HB,HLI_Geothermal,CO2,All,1
DE_HE,HLI_Geothermal,CO2,All,1
DE_HH,HLI_Geothermal,CO2,All,1
DE_MV,HLI_Geothermal,CO2,All,1
DE_NI,HLI_Geothermal,CO2,All,1
DE_NRW,HLI_Geothermal,CO2,All,1
DE_RP,HLI_Geothermal,CO2,All,1
DE_SH,HLI_Geothermal,CO2,All,1
DE_SL,HLI_Geothermal,CO2,All,1
DE_SN,HLI_Geothermal,CO2,All,1
DE_ST,HLI_Geothermal,CO2,All,1
DE_TH,HLI_Geothermal,CO2,All,1
DE_BB,HLI_Hardcoal,CO2,All,1
DE_BE,HLI_Hardcoal,CO2,All,1
DE_BW,HLI_Hardcoal,CO2,All,1
DE_BY,HLI_Hardcoal,CO2,All,1
DE_HB,HLI_Hardcoal,CO2,All,1
DE_HE,HLI_Hardcoal,CO2,All,1
DE_HH,HLI_Hardcoal,CO2,All,1
DE_MV,HLI_Hardcoal,CO2,All,1
DE_NI,HLI_Hardcoal,CO2,All,1
DE_NRW,HLI_Hardcoal,CO2,All,1
DE_RP,HLI_Hardcoal,CO2,All,1
DE_SH,HLI_Hardcoal,CO2,All,1
DE_SL,HLI_Hardcoal,CO2,All,1
DE_SN,HLI_Hardcoal,CO2,All,1
DE_ST,HLI_Hardcoal,CO2,All,1
DE_TH,HLI_Hardcoal,CO2,All,1
DE_BB,HLI_Lignite,CO2,All,1
DE_BE,HLI_Lignite,CO2,All,1
DE_BW,HLI_Lignite,CO2,All,1
DE_BY,HLI_Lignite,CO2,All,1
DE_HB,HLI_Lignite,CO2,All,1
DE_HE,HLI_Lignite,CO2,All,1
DE_HH,HLI_Lignite,CO2,All,1
DE_MV,HLI_Lignite,CO2,All,1
DE_NI,HLI_Lignite,CO2,All,1
DE_NRW,HLI_Lignite,CO2,All,1
DE_RP,HLI_Lignite,CO2,All,1
DE_SH,HLI_Lignite,CO2,All,1
DE_SL,HLI_Lignite,CO2,All,1
DE_SN,HLI_Lignite,CO2,All,1
DE_ST,HLI_Lignite,CO2,All,1
DE_TH,HLI_Lignite,CO2,All,1
DE_BB,HLI_Oil_Boiler,CO2,All,1
DE_BE,HLI_Oil_Boiler,CO2,All,1
DE_BW,HLI_Oil_Boiler,CO2,All,1
DE_BY,HLI_Oil_Boiler,CO2,All,1
DE_HB,HLI_Oil_Boiler,CO2,All,1
DE_HE,HLI_Oil_Boiler,CO2,All,1
DE_HH,HLI_Oil_Boiler,CO2,All,1
DE_MV,HLI_Oil_Boiler,CO2,All,1
DE_NI,HLI_Oil_Boiler,CO2,All,1
DE_NRW,HLI_Oil_Boiler,CO2,All,1
DE_RP,HLI_Oil_Boiler,CO2,All,1
DE_SH,HLI_Oil_Boiler,CO2,All,1
DE_SL,HLI_Oil_Boiler,CO2,All,1
DE_SN,HLI_Oil_Boiler,CO2,All,1
DE_ST,HLI_Oil_Boiler,CO2,All,1
DE_TH,HLI_Oil_Boiler,CO2,All,1
DE_BB,HMHI_Biomass,CO2,All,1
DE_BE,HMHI_Biomass,CO2,All,1
DE_BW,HMHI_Biomass,CO2,All,1
DE_BY,HMHI_Biomass,CO2,All,1
DE_HB,HMHI_Biomass,CO2,All,1
DE_HE,HMHI_Biomass,CO2,All,1
DE_HH,HMHI_Biomass,CO2,All,1
DE_MV,HMHI_Biomass,CO2,All,1
DE_NI,HMHI_Biomass,CO2,All,1
DE_NRW,HMHI_Biomass,CO2,All,1
DE_RP,HMHI_Biomass,CO2,All,1
DE_SH,HMHI_Biomass,CO2,All,1
DE_SL,HMHI_Biomass,CO2,All,1
DE_SN,HMHI_Biomass,CO2,All,1
DE_ST,HMHI_Biomass,CO2,All,1
DE_TH,HMHI_Biomass,CO2,All,1
DE_BB,HMHI_Gas,CO2,All,1
DE_BE,HMHI_Gas,CO2,All,1
DE_BW,HMHI_Gas,CO2,All,1
DE_BY,HMHI_Gas,CO2,All,1
DE_HB,HMHI_Gas,CO2,All,1
DE_HE,HMHI_Gas,CO2,All,1
DE_HH,HMHI_Gas,CO2,All,1
DE_MV,HMHI_Gas,CO2,All,1
DE_NI,HMHI_Gas,CO2,All,1
DE_NRW,HMHI_Gas,CO2,All,1
DE_RP,HMHI_Gas,CO2,All,1
DE_SH,HMHI_Gas,CO2,All,1
DE_SL,HMHI_Gas,CO2,All,1
DE_SN,HMHI_Gas,CO2,All,1
DE_ST,HMHI_Gas,CO2,All,1
DE_TH,HMHI_Gas,CO2,All,1
DE_BB,HMHI_Gas_CCS,CO2,All,1
DE_BE,HMHI_Gas_CCS,CO2,All,1
DE_BW,HMHI_Gas_CCS,CO2,All,1
DE_BY,HMHI_Gas_CCS,CO2,All,1
DE_HB,HMHI_Gas_CCS,CO2,All,1
DE_HE,HMHI_Gas_CCS,CO2,All,1
DE_HH,HMHI_Gas_CCS,CO2,All,1
DE_MV,HMHI_Gas_CCS,CO2,All,1
DE_NI,HMHI_Gas_CCS,CO2,All,1
DE_NRW,HMHI_Gas_CCS,CO2,All,1
DE_RP,HMHI_Gas_CCS,CO2,All,1
DE_SH,HMHI_Gas_CCS,CO2,All,1
DE_SL,HMHI_Gas_CCS,CO2,All,1
DE_SN,HMHI_Gas_CCS,CO2,All,1
DE_ST,HMHI_Gas_CCS,CO2,All,1
DE_TH,HMHI_Gas_CCS,CO2,All,1
DE_BB,HMHI_HardCoal,CO2,All,1
DE_BE,HMHI_HardCoal,CO2,All,1
DE_BW,HMHI_HardCoal,CO2,All,1
DE_BY,HMHI_HardCoal,CO2,All,1
DE_HB,HMHI_HardCoal,CO2,All,1
DE_HE,HMHI_HardCoal,CO2,All,1
DE_HH,HMHI_HardCoal,CO2,All,1
DE_MV,HMHI_HardCoal,CO2,All,1
DE_NI,HMHI_HardCoal,CO2,All,1
DE_NRW,HMHI_HardCoal,CO2,All,1
DE_RP,HMHI_HardCoal,CO2,All,1
DE_SH,HMHI_HardCoal,CO2,All,1
DE_SL,HMHI_HardCoal,CO2,All,1
DE_SN,HMHI_HardCoal,CO2,All,1
DE_ST,HMHI_HardCoal,CO2,All,1
DE_TH,HMHI_HardCoal,CO2,All,1
DE_BB,HMHI_HardCoal_CCS,CO2,All,1
DE_BE,HMHI_HardCoal_CCS,CO2,All,1
DE_BW,HMHI_HardCoal_CCS,CO2,All,1
DE_BY,HMHI_HardCoal_CCS,CO2,All,1
DE_HB,HMHI_HardCoal_CCS,CO2,All,1
DE_HE,HMHI_HardCoal_CCS,CO2,All,1
DE_HH,HMHI_HardCoal_CCS,CO2,All,1
DE_MV,HMHI_HardCoal_CCS,CO2,All,1
DE_NI,HMHI_HardCoal_CCS,CO2,All,1
DE_NRW,HMHI_HardCoal_CCS,CO2,All,1
DE_RP,HMHI_HardCoal_CCS,CO2,All,1
DE_SH,HMHI_HardCoal_CCS,CO2,All,1
DE_SL,HMHI_HardCoal_CCS,CO2,All,1
DE_SN,HMHI_HardCoal_CCS,CO2,All,1
DE_ST,HMHI_HardCoal_CCS,CO2,All,1
DE_TH,HMHI_HardCoal_CCS,CO2,All,1
DE_BB,HMHI_Oil,CO2,All,1
DE_BE,HMHI_Oil,CO2,All,1
DE_BW,HMHI_Oil,CO2,All,1
DE_BY,HMHI_Oil,CO2,All,1
DE_HB,HMHI_Oil,CO2,All,1
DE_HE,HMHI_Oil,CO2,All,1
DE_HH,HMHI_Oil,CO2,All,1
DE_MV,HMHI_Oil,CO2,All,1
DE_NI,HMHI_Oil,CO2,All,1
DE_NRW,HMHI_Oil,CO2,All,1
DE_RP,HMHI_Oil,CO2,All,1
DE_SH,HMHI_Oil,CO2,All,1
DE_SL,HMHI_Oil,CO2,All,1
DE_SN,HMHI_Oil,CO2,All,1
DE_ST,HMHI_Oil,CO2,All,1
DE_TH,HMHI_Oil,CO2,All,1
DE_BB,PSNG_Air_Conv,CO2,All,1
DE_BE,PSNG_Air_Conv,CO2,All,1
DE_BW,PSNG_Air_Conv,CO2,All,1
DE_BY,PSNG_Air_Conv,CO2,All,1
DE_HB,PSNG_Air_Conv,CO2,All,1
DE_HE,PSNG_Air_Conv,CO2,All,1
DE_HH,PSNG_Air_Conv,CO2,All,1
DE_MV,PSNG_Air_Conv,CO2,All,1
DE_NI,PSNG_Air_Conv,CO2,All,1
DE_NRW,PSNG_Air_Conv,CO2,All,1
DE_RP,PSNG_Air_Conv,CO2,All,1
DE_SH,PSNG_Air_Conv,CO2,All,1
DE_SL,PSNG_Air_Conv,CO2,All,1
DE_SN,PSNG_Air_Conv,CO2,All,1
DE_ST,PSNG_Air_Conv,CO2,All,1
DE_TH,PSNG_Air_Conv,CO2,All,1
DE_BB,PSNG_Rail_Conv,CO2,All,1
DE_BE,PSNG_Rail_Conv,CO2,All,1
DE_BW,PSNG_Rail_Conv,CO2,All,1
DE_BY,PSNG_Rail_Conv,CO2,All,1
DE_HB,PSNG_Rail_Conv,CO2,All,1
DE_HE,PSNG_Rail_Conv,CO2,All,1
DE_HH,PSNG_Rail_Conv,CO2,All,1
DE_MV,PSNG_Rail_Conv,CO2,All,1
DE_NI,PSNG_Rail_Conv,CO2,All,1
DE_NRW,PSNG_Rail_Conv,CO2,All,1
DE_RP,PSNG_Rail_Conv,CO2,All,1
DE_SH,PSNG_Rail_Conv,CO2,All,1
DE_SL,PSNG_Rail_Conv,CO2,All,1
DE_SN,PSNG_Rail_Conv,CO2,All,1
DE_ST,PSNG_Rail_Conv,CO2,All,1
DE_TH,PSNG_Rail_Conv,CO2,All,1
DE_BB,PSNG_Road_ICE,CO2,All,1
DE_BE,PSNG_Road_ICE,CO2,All,1
DE_BW,PSNG_Road_ICE,CO2,All,1
DE_BY,PSNG_Road_ICE,CO2,All,1
DE_HB,PSNG_Road_ICE,CO2,All,1
DE_HE,PSNG_Road_ICE,CO2,All,1
DE_HH,PSNG_Road_ICE,CO2,All,1
DE_MV,PSNG_Road_ICE,CO2,All,1
DE_NI,PSNG_Road_ICE,CO2,All,1
DE_NRW,PSNG_Road_ICE,CO2,All,1
DE_RP,PSNG_Road_ICE,CO2,All,1
DE_SH,PSNG_Road_ICE,CO2,All,1
DE_SL,PSNG_Road_ICE,CO2,All,1
DE_SN,PSNG_Road_ICE,CO2,All,1
DE_ST,PSNG_Road_ICE,CO2,All,1
DE_TH,PSNG_Road_ICE,CO2,All,1
DE_BB,PSNG_Road_LNG,CO2,All,1
DE_BE,PSNG_Road_LNG,CO2,All,1
DE_BW,PSNG_Road_LNG,CO2,All,1
DE_BY,PSNG_Road_LNG,CO2,All,1
DE_HB,PSNG_Road_LNG,CO2,All,1
DE_HE,PSNG_Road_LNG,CO2,All,1
DE_HH,PSNG_Road_LNG,CO2,All,1
DE_MV,PSNG_Road_LNG,CO2,All,1
DE_NI,PSNG_Road_LNG,CO2,All,1
DE_NRW,PSNG_Road_LNG,CO2,All,1
DE_RP,PSNG_Road_LNG,CO2,All,1
DE_SH,PSNG_Road_LNG,CO2,All,1
DE_SL,PSNG_Road_LNG,CO2,All,1
DE_SN,PSNG_Road_LNG,CO2,All,1
DE_ST,PSNG_Road_LNG,CO2,All,1
DE_TH,PSNG_Road_LNG,CO2,All,1
DE_BB,PSNG_Road_PHEV,CO2,All,1
DE_BE,PSNG_Road_PHEV,CO2,All,1
DE_BW,PSNG_Road_PHEV,CO2,All,1
DE_BY,PSNG_Road_PHEV,CO2,All,1
DE_HB,PSNG_Road_PHEV,CO2,All,1
DE_HE,PSNG_Road_PHEV,CO2,All,1
DE_HH,PSNG_Road_PHEV,CO2,All,1
DE_MV,PSNG_Road_PHEV,CO2,All,1
DE_NI,PSNG_Road_PHEV,CO2,All,1
DE_NRW,PSNG_Road_PHEV,CO2,All,1
DE_RP,PSNG_Road_PHEV,CO2,All,1
DE_SH,PSNG_Road_PHEV,CO2,All,1
DE_SL,PSNG_Road_PHEV,CO2,All,1
DE_SN,PSNG_Road_PHEV,CO2,All,1
DE_ST,PSNG_Road_PHEV,CO2,All,1
DE_TH,PSNG_Road_PHEV,CO2,All,1
DE_BB,P_Biomass_CCS,CO2,All,1
DE_BE,P_Biomass_CCS,CO2,All,1
DE_BW,P_Biomass_CCS,CO2,All,1
DE_BY,P_Biomass_CCS,CO2,All,1
DE_HB,P_Biomass_CCS,CO2,All,1
DE_HE,P_Biomass_CCS,CO2,All,1
DE_HH,P_Biomass_CCS,CO2,All,1
DE_MV,P_Biomass_CCS,CO2,All,1
DE_NI,P_Biomass_CCS,CO2,All,1
DE_NRW,P_Biomass_CCS,CO2,All,1
DE_RP,P_Biomass_CCS,CO2,All,1
DE_SH,P_Biomass_CCS,CO2,All,1
DE_SL,P_Biomass_CCS,CO2,All,1
DE_SN,P_Biomass_CCS,CO2,All,1
DE_ST,P_Biomass_CCS,CO2,All,1
DE_TH,P_Biomass_CCS,CO2,All,1
DE_BB,P_Coal_Hardcoal,CO2,All,1
DE_BE,P_Coal_Hardcoal,CO2,All,1
DE_BW,P_Coal_Hardcoal,CO2,All,1
DE_BY,P_Coal_Hardcoal,CO2,All,1
DE_HB,P_Coal_Hardcoal,CO2,All,1
DE_HE,P_Coal_Hardcoal,CO2,All,1
DE_HH,P_Coal_Hardcoal,CO2,All,1
DE_MV,P_Coal_Hardcoal,CO2,All,1
DE_NI,P_Coal_Hardcoal,CO2,All,1
DE_NRW,P_Coal_Hardcoal,CO2,All,1
DE_RP,P_Coal_Hardcoal,CO2,All,1
DE_SH,P_Coal_Hardcoal,CO2,All,1
DE_SL,P_Coal_Hardcoal,CO2,All,1
DE_SN,P_Coal_Hardcoal,CO2,All,1
DE_ST,P_Coal_Hardcoal,CO2,All,1
DE_TH,P_Coal_Hardcoal,CO2,All,1
DE_BB,P_Coal_Hardcoal_CCS,CO2,All,1
DE_BE,P_Coal_Hardcoal_CCS,CO2,All,1
DE_BW,P_Coal_Hardcoal_CCS,CO2,All,1
DE_BY,P_Coal_Hardcoal_CCS,CO2,All,1
DE_HB,P_Coal_Hardcoal_CCS,CO2,All,1
DE_HE,P_Coal_Hardcoal_CCS,CO2,All,1
DE_HH,P_Coal_Hardcoal_CCS,CO2,All,1
DE_MV,P_Coal_Hardcoal_CCS,CO2,All,1
DE_NI,P_Coal_Hardcoal_CCS,CO2,All,1
DE_NRW,P_Coal_Hardcoal_CCS,CO2,All,1
DE_RP,P_Coal_Hardcoal_CCS,CO2,All,1
DE_SH,P_Coal_Hardcoal_CCS,CO2,All,1
DE_SL,P_Coal_Hardcoal_CCS,CO2,All,1
DE_SN,P_Coal_Hardcoal_CCS,CO2,All,1
DE_ST,P_Coal_Hardcoal_CCS,CO2,All,1
DE_TH,P_Coal_Hardcoal_CCS,CO2,All,1
DE_BB,P_Coal_Lignite,CO2,All,1
DE_BE,P_Coal_Lignite,CO2,All,1
DE_BW,P_Coal_Lignite,CO2,All,1
DE_BY,P_Coal_Lignite,CO2,All,1
DE_HB,P_Coal_Lignite,CO2,All,1
DE_HE,P_Coal_Lignite,CO2,All,1
DE_HH,P_Coal_Lignite,CO2,All,1
DE_MV,P_Coal_Lignite,CO2,All,1
DE_NI,P_Coal_Lignite,CO2,All,1
DE_NRW,P_Coal_Lignite,CO2,All,1
DE_RP,P_Coal_Lignite,CO2,All,1
DE_SH,P_Coal_Lignite,CO2,All,1
DE_SL,P_Coal_Lignite,CO2,All,1
DE_SN,P_Coal_Lignite,CO2,All,1
DE_ST,P_Coal_Lignite,CO2,All,1
DE_TH,P_Coal_Lignite,CO2,All,1
DE_BB,P_Coal_Lignite_CCS,CO2,All,1
DE_BE,P_Coal_Lignite_CCS,CO2,All,1
DE_BW,P_Coal_Lignite_CCS,CO2,All,1
DE_BY,P_Coal_Lignite_CCS,CO2,All,1
DE_HB,P_Coal_Lignite_CCS,CO2,All,1
DE_HE,P_Coal_Lignite_CCS,CO2,All,1
DE_HH,P_Coal_Lignite_CCS,CO2,All,1
DE_MV,P_Coal_Lignite_CCS,CO2,All,1
DE_NI,P_Coal_Lignite_CCS,CO2,All,1
DE_NRW,P_Coal_Lignite_CCS,CO2,All,1
DE_RP,P_Coal_Lignite_CCS,CO2,All,1
DE_SH,P_Coal_Lignite_CCS,CO2,All,1
DE_SL,P_Coal_Lignite_CCS,CO2,All,1
DE_SN,P_Coal_Lignite_CCS,CO2,All,1
DE_ST,P_Coal_Lignite_CCS,CO2,All,1
DE_TH,P_Coal_Lignite_CCS,CO2,All,1
DE_BB,P_Gas_CCGT,CO2,All,1
DE_BE,P_Gas_CCGT,CO2,All,1
DE_BW,P_Gas_CCGT,CO2,All,1
DE_BY,P_Gas_CCGT,CO2,All,1
DE_HB,P_Gas_CCGT,CO2,All,1
DE_HE,P_Gas_CCGT,CO2,All,1
DE_HH,P_Gas_CCGT,CO2,All,1
DE_MV,P_Gas_CCGT,CO2,All,1
DE_NI,P_Gas_CCGT,CO2,All,1
DE_NRW,P_Gas_CCGT,CO2,All,1
DE_RP,P_Gas_CCGT,CO2,All,1
DE_SH,P_Gas_CCGT,CO2,All,1
DE_SL,P_Gas_CCGT,CO2,All,1
DE_SN,P_Gas_CCGT,CO2,All,1
DE_ST,P_Gas_CCGT,CO2,All,1
DE_TH,P_Gas_CCGT,CO2,All,1
DE_BB,P_Gas_CCS,CO2,All,1
DE_BE,P_Gas_CCS,CO2,All,1
DE_BW,P_Gas_CCS,CO2,All,1
DE_BY,P_Gas_CCS,CO2,All,1
DE_HB,P_Gas_CCS,CO2,All,1
DE_HE,P_Gas_CCS,CO2,All,1
DE_HH,P_Gas_CCS,CO2,All,1
DE_MV,P_Gas_CCS,CO2,All,1
DE_NI,P_Gas_CCS,CO2,All,1
DE_NRW,P_Gas_CCS,CO2,All,1
DE_RP,P_Gas_CCS,CO2,All,1
DE_SH,P_Gas_CCS,CO2,All,1
DE_SL,P_Gas_CCS,CO2,All,1
DE_SN,P_Gas_CCS,CO2,All,1
DE_ST,P_Gas_CCS,CO2,All,1
DE_TH,P_Gas_CCS,CO2,All,1
DE_BB,P_Gas_Engines,CO2,All,1
DE_BE,P_Gas_Engines,CO2,All,1
DE_BW,P_Gas_Engines,CO2,All,1
DE_BY,P_Gas_Engines,CO2,All,1
DE_HB,P_Gas_Engines,CO2,All,1
DE_HE,P_Gas_Engines,CO2,All,1
DE_HH,P_Gas_Engines,CO2,All,1
DE_MV,P_Gas_Engines,CO2,All,1
DE_NI,P_Gas_Engines,CO2,All,1
DE_NRW,P_Gas_Engines,CO2,All,1
DE_RP,P_Gas_Engines,CO2,All,1
DE_SH,P_Gas_Engines,CO2,All,1
DE_SL,P_Gas_Engines,CO2,All,1
DE_SN,P_Gas_Engines,CO2,All,1
DE_ST,P_Gas_Engines,CO2,All,1
DE_TH,P_Gas_Engines,CO2,All,1
DE_BB,P_Gas_OCGT,CO2,All,1
DE_BE,P_Gas_OCGT,CO2,All,1
DE_BW,P_Gas_OCGT,CO2,All,1
DE_BY,P_Gas_OCGT,CO2,All,1
DE_HB,P_Gas_OCGT,CO2,All,1
DE_HE,P_Gas_OCGT,CO2,All,1
DE_HH,P_Gas_OCGT,CO2,All,1
DE_MV,P_Gas_OCGT,CO2,All,1
DE_NI,P_Gas_OCGT,CO2,All,1
DE_NRW,P_Gas_OCGT,CO2,All,1
DE_RP,P_Gas_OCGT,CO2,All,1
DE_SH,P_Gas_OCGT,CO2,All,1
DE_SL,P_Gas_OCGT,CO2,All,1
DE_SN,P_Gas_OCGT,CO2,All,1
DE_ST,P_Gas_OCGT,CO2,All,1
DE_TH,P_Gas_OCGT,CO2,All,1
DE_BB,P_Oil,CO2,All,1
DE_BE,P_Oil,CO2,All,1
DE_BW,P_Oil,CO2,All,1
DE_BY,P_Oil,CO2,All,1
DE_HB,P_Oil,CO2,All,1
DE_HE,P_Oil,CO2,All,1
DE_HH,P_Oil,CO2,All,1
DE_MV,P_Oil,CO2,All,1
DE_NI,P_Oil,CO2,All,1
DE_NRW,P_Oil,CO2,All,1
DE_RP,P_Oil,CO2,All,1
DE_SH,P_Oil,CO2,All,1
DE_SL,P_Oil,CO2,All,1
DE_SN,P_Oil,CO2,All,1
DE_ST,P_Oil,CO2,All,1
DE_TH,P_Oil,CO2,All,1
DE_BB,X_ATR_CCS,CO2,All,1
DE_BE,X_ATR_CCS,CO2,All,1
DE_BW,X_ATR_CCS,CO2,All,1
DE_BY,X_ATR_CCS,CO2,All,1
DE_HB,X_ATR_CCS,CO2,All,1
DE_HE,X_ATR_CCS,CO2,All,1
DE_HH,X_ATR_CCS,CO2,All,1
DE_MV,X_ATR_CCS,CO2,All,1
DE_NI,X_ATR_CCS,CO2,All,1
DE_NRW,X_ATR_CCS,CO2,All,1
DE_RP,X_ATR_CCS,CO2,All,1
DE_SH,X_ATR_CCS,CO2,All,1
DE_SL,X_ATR_CCS,CO2,All,1
DE_SN,X_ATR_CCS,CO2,All,1
DE_ST,X_ATR_CCS,CO2,All,1
DE_TH,X_ATR_CCS,CO2,All,1
DE_BB,X_DAC_HT,CO2,All,1
DE_BE,X_DAC_HT,CO2,All,1
DE_BW,X_DAC_HT,CO2,All,1
DE_BY,X_DAC_HT,CO2,All,1
DE_HB,X_DAC_HT,CO2,All,1
DE_HE,X_DAC_HT,CO2,All,1
DE_HH,X_DAC_HT,CO2,All,1
DE_MV,X_DAC_HT,CO2,All,1
DE_NI,X_DAC_HT,CO2,All,1
DE_NRW,X_DAC_HT,CO2,All,1
DE_RP,X_DAC_HT,CO2,All,1
DE_SH,X_DAC_HT,CO2,All,1
DE_SL,X_DAC_HT,CO2,All,1
DE_SN,X_DAC_HT,CO2,All,1
DE_ST,X_DAC_HT,CO2,All,1
DE_TH,X_DAC_HT,CO2,All,1
DE_BB,X_DAC_LT,CO2,All,1
DE_BE,X_DAC_LT,CO2,All,1
DE_BW,X_DAC_LT,CO2,All,1
DE_BY,X_DAC_LT,CO2,All,1
DE_HB,X_DAC_LT,CO2,All,1
DE_HE,X_DAC_LT,CO2,All,1
DE_HH,X_DAC_LT,CO2,All,1
DE_MV,X_DAC_LT,CO2,All,1
DE_NI,X_DAC_LT,CO2,All,1
DE_NRW,X_DAC_LT,CO2,All,1
DE_RP,X_DAC_LT,CO2,All,1
DE_SH,X_DAC_LT,CO2,All,1
DE_SL,X_DAC_LT,CO2,All,1
DE_SN,X_DAC_LT,CO2,All,1
DE_ST,X_DAC_LT,CO2,All,1
DE_TH,X_DAC_LT,CO2,All,1
DE_BB,X_SMR,CO2,All,1
DE_BE,X_SMR,CO2,All,1
DE_BW,X_SMR,CO2,All,1
DE_BY,X_SMR,CO2,All,1
DE_HB,X_SMR,CO2,All,1
DE_HE,X_SMR,CO2,All,1
DE_HH,X_SMR,CO2,All,1
DE_MV,X_SMR,CO2,All,1
DE_NI,X_SMR,CO2,All,1
DE_NRW,X_SMR,CO2,All,1
DE_RP,X_SMR,CO2,All,1
DE_SH,X_SMR,CO2,All,1
DE_SL,X_SMR,CO2,All,1
DE_SN,X_SMR,CO2,All,1
DE_ST,X_SMR,CO2,All,1
DE_TH,X_SMR,CO2,All,1
